이름,ZZZ 에이전트,대분류,소분류,피해유형,부가효과,소모 자원,리액션 태그,전용 버프,시너지
캣워크,네코미야,핵심스킬,추가 능력,물리 피해,"강화특수스킬피해증가, 파티원피해증가",,,,"속성시너지-물리, 진영시너지"
살금살금 고양이 걸음,네코미야,핵심스킬,핵심 패시브,물리 피해,피해증가,,,,
발톱 강습,네코미야,궁극기,궁극기,물리 피해,무적판정,데시벨,,,
발톱 휘두르기,네코미야,콤보공격,콤보 스킬,물리 피해,무적판정,,,,
앙~칼진 기습!,네코미야,특수스킬,강화특수스킬-탭,물리 피해,무적판정,에너지,,,
기습,네코미야,특수스킬,특수스킬-탭,물리 피해,경직저항증가,,,,
재빠른 그림자,네코미야,지원스킬,지원 돌격,물리 피해,"무적판정, 패링",,,,
스트레스 방어,네코미야,지원스킬,패링 지원,-,"무적판정, 패링",,,,
발톱 좀 빌릴게,네코미야,지원스킬,빠른 지원,물리 피해,무적판정,,,,
허영의 발톱,네코미야,회피스킬,회피 반격,물리 피해,무적판정,,,,
어디 보는 거냐?,네코미야,회피스킬,대시공격,물리 피해,,,,,
안 맞지옹~,네코미야,회피스킬,회피,-,무적판정,,,,
적색 칼날,네코미야,일반공격,일반공격-홀드,물리 피해,,,,,
냥냥 할퀴기,네코미야,일반공격,일반공격-탭,물리 피해,,,,,
기사 클랜,빌리,핵심스킬,추가 능력,-,궁극기피해증가,,,,"속성시너지-물리, 진영시너지"
안정 사격,빌리,핵심스킬,핵심 패시브,-,피해증가,,,,
"스타라이트, 여기서 반짝인다!",빌리,콤보공격,궁극기,물리 피해,무적판정,데시벨,,,
"스타라이트, 영광의 환영",빌리,콤보공격,콤보 공격,물리 피해,무적판정,,,,
스위퍼 타임,빌리,특수스킬,강화특수스킬-탭,물리 피해,무적판정,에너지,,,
얌전히 있어,빌리,특수스킬,특수스킬-탭,물리 피해,경직저항증가,,,,
급소 사격,빌리,지원스킬,지원 돌격,물리 피해,무적판정,,,,
플래시 스텝,빌리,지원스킬,회피 지원,-,"무적판정, 패링",,,,
스타라이트-파트너의 힘,빌리,지원스킬,빠른 지원,물리 피해,무적판정,,,,
공평한 결투,빌리,회피스킬,회피 반격,물리 피해,무적판정,,,,
별-빛-제-재,빌리,회피스킬,대시공격,물리 피해,,,,,
아슬아슬했어,빌리,회피스킬,회피,-,무적판정,,,,
화력 전개,빌리,일반공격,일반공격-홀드,물리 피해,,,,,
추가 능력: 통점,제인,핵심스킬,추가 능력,-,,,,,"진영시너지, 클래스 시너지-이상"
핵심 패시브: 통찰,제인,핵심스킬,핵심 패시브,-,,,,,
궁극기: 피날레,제인,콤보공격,궁극기,물리 피해,무적판정,,,열광적몰입,
콤보 스킬: 죄악의 꽃,제인,콤보공격,콤보 스킬,물리 피해,무적판정,,,열광적몰입,
강화특수스킬-탭: 공중 도약-휩쓸기,제인,특수스킬,강화특수스킬-탭,물리 피해,무적판정,,,열광적몰입,
특수스킬-탭: 공중 도약,제인,특수스킬,특수스킬-탭,물리 피해,,,,열광적몰입,
지원 돌격: 돌풍 휩쓸기,제인,지원스킬,지원 돌격,물리 피해,"높은그로기배율, 무적판정, 패링",,,열광적몰입,
패링 지원: 마지막 방어선,제인,지원스킬,패링 지원,물리 피해,"높은그로기배율, 무적판정, 패링",,,열광적몰입,
빠른 지원: 루츠 점프,제인,지원스킬,빠른 지원,물리 피해,무적판정,,,열광적몰입,
빠른 지원: 검은 가시,제인,지원스킬,빠른 지원,물리 피해,무적판정,,,열광적몰입,
회피 반격: 재빠른 그림자의 춤,제인,회피스킬,회피 반격,물리 피해,"높은그로기배율, 무적판정",,,열광적몰입,
회피 반격: 재빠른 그림자,제인,회피스킬,회피 반격,물리 피해,"높은그로기배율, 무적판정",,,열광적몰입,
대시공격: 허상 찌르기,제인,회피스킬,대시공격,물리 피해,,,,열광적몰입,
대시공격: 에지 점프,제인,회피스킬,대시공격,물리 피해,,,,열광적몰입,
회피: 잔영,제인,회피스킬,회피,-,무적판정,,,열광적몰입,
일반공격-홀드: 살코 점프,제인,일반공격,일반공격-홀드,물리 피해,"경직저항증가, 무적판정",,,,
일반공격-탭: 열광(Passion),제인,일반공격,일반공격-탭,-,"공격력증가, 이상축적",,,,열광적몰입
일반공격-탭: 춤추는 칼날,제인,일반공격,일반공격-탭,물리 피해,,,,,
추가 능력: 치솟는 전의,카이사르,핵심스킬,추가 능력,-,적 받는피해 증가,,,,지원스킬시너지-패링지원
핵심 패시브: 강인한 벽,카이사르,핵심스킬,핵심 패시브,-,"파티경직저항증가, 파티공격력증가",,,실드-영광의방패,
궁극기: 폭군의 맹격,카이사르,콤보공격,궁극기,물리 피해,무적판정,데시벨,,,
콤보 스킬: 난폭운전,카이사르,콤보공격,콤보 스킬,물리 피해,무적판정,,,,
강화특수스킬-탭: 초강력 방패 공격,카이사르,특수스킬,강화특수스킬-탭,물리 피해,"무적판정, 패링",,,,
강화특수스킬-탭: 패링 반격,카이사르,특수스킬,강화특수스킬-탭,물리 피해,무적판정,,,,
특수스킬-탭: 공수 전환,카이사르,특수스킬,특수스킬-탭,-,"경직저항증가, 패링",,,,
특수스킬-탭: 굉음의 직격,카이사르,특수스킬,특수스킬-탭,물리 피해,"경직저항증가, 무적판정",,,,
특수스킬-탭: 뒤흔드는 방패,카이사르,특수스킬,특수스킬-탭,물리 피해,무적판정,,,,
지원 돌격: 지원의 선봉,카이사르,지원스킬,지원 돌격,물리 피해,"무적판정, 패링",,,,
패링 지원: 수호의 방패,카이사르,지원스킬,패링 지원,물리 피해,"무적판정, 패링",,,,
빠른 지원: 차선 변경,카이사르,지원스킬,빠른 지원,물리 피해,무적판정,,,,
회피 반격: 눈에는 눈 이에는 이,카이사르,회피스킬,회피 반격,물리 피해,무적판정,,,,
대시공격: 저돌맹진,카이사르,회피스킬,대시공격,물리 피해,,,,,
회피: 드리프트,카이사르,회피스킬,회피,-,무적판정,,,,
일반공격-홀드: 통행금지!,카이사르,일반공격,일반공격-홀드,물리 피해,무적판정,,,,
일반공격-탭: 광란의 타격,카이사르,일반공격,일반공격-탭,물리 피해,,,,,
빅토리아의 예절,코린,핵심스킬,추가 능력,-,피해증가,,,,"속성시너지-물리, 진영시너지"
내실 쌓기,코린,핵심스킬,핵심 패시브,-,피해증가,,,,
실례합니다!,코린,콤보공격,궁극기,물리 피해,무적판정,데시벨,,,
똑똑.. 똑똑!,코린,콤보공격,콤보 공격,물리 피해,무적판정,,,,
차 한 잔의 시간,코린,특수스킬,강화특수스킬-홀드,물리 피해,무적판정,에너지,,,
청소 시간,코린,특수스킬,특수스킬-홀드,물리 피해,경직저항증가,,,,
도와주세요!,코린,지원스킬,지원 돌격,물리 피해,"무적판정, 패링",,,,
"제, 제가 할게요!",코린,지원스킬,패링 지원,물리 피해,패링,,,,
긴급 조치,코린,지원스킬,빠른 지원,물리 피해,무적판정,,,,
[버리기],코린,회피스킬,회피 반격,물리 피해,무적판정,,,,
[벗어나기],코린,회피스킬,회피,-,무적판정,,,,
[깜짝 선물],코린,회피스킬,대시공격,물리 피해,,,,,
청소 시작,코린,일반공격,일반공격-홀드,물리 피해,,,,,
아주 무거워,파이퍼,특수스킬,특수스킬-탭,물리 피해,"높은그로기배율, 무적판정",,,,
함께 질주하자,파이퍼,핵심스킬,추가 능력,-,파티원피해증가,,,,"속성시너지-물리, 진영시너지"
파워 차지,파이퍼,핵심스킬,핵심 패시브,-,,,,동력,
꽉~ 잡아~,파이퍼,콤보공격,궁극기,물리 피해,무적판정,,,,
안전벨트는 필수,파이퍼,콤보공격,콤보 공격,물리 피해,무적판정,,,,
아주아주 무거워,파이퍼,특수스킬,강화특수스킬-탭,물리 피해,"높은그로기배율, 무적판정",,,,
엔진 스핀,파이퍼,특수스킬,강화특수스킬-홀드,물리 피해,경직저항증가,,,,
타이어 스핀,파이퍼,특수스킬,특수스킬-홀드,물리 피해,"경직저항증가, 높은그로기배율",,,,
코너 추월,파이퍼,지원스킬,지원 돌격,물리 피해,"높은그로기배율, 무적판정, 패링",,,,
급브레이크,파이퍼,지원스킬,패링 지원,물리 피해,"무적판정, 패링",,,,
탭 브레이크,파이퍼,지원스킬,빠른 지원,물리 피해,무적판정,,,,
파워 드리프트,파이퍼,회피스킬,회피 반격,물리 피해,"높은그로기배율, 무적판정",,,,
가속 페달,파이퍼,회피스킬,대시공격,물리 피해,,,,,
안전 제일 / 핸드 브레이크 드리프트,파이퍼,회피스킬,회피,-,무적판정,,,,
원심력 / 운전 준비,파이퍼,일반공격,일반공격-홀드,물리 피해,,,,,
일반 공격: 민첩한 타격,펄크라,일반공격,일반공격-탭,물리 피해,,,,,
일반 공격: 도약 타격,펄크라,일반공격,일반공격-홀드,물리 피해,"이전 캐릭터 빠른지원",,,,
회피: 직립 반사,펄크라,회피스킬,회피,-,무적판정,,,,
대시 공격: 선제공격의 이점,펄크라,회피스킬,대시공격,물리 피해,,,,,
회피 반격: 철저한 보복,펄크라,회피스킬,회피 반격,물리 피해,"높은그로기배율, 무적판정",,,,
빠른 지원: 고용계약·경호 업무,펄크라,지원스킬,빠른 지원,물리 피해,무적판정,,,,
회피 지원: 고용계약·외주 작전,펄크라,지원스킬,회피 지원,-,"무적판정, 패링",,,,
지원 돌격: 별도 요금,펄크라,지원스킬,지원 돌격,물리 피해,"무적판정, 높은그로기배율",,,,
특수 스킬: 포식의 발톱,펄크라,특수스킬,특수스킬-탭,물리 피해,경직저항증가,,,,
특수 스킬: 포식의 발톱·악몽의 엄습,펄크라,특수스킬,특수스킬-홀드,물리 피해,"무적판정, 높은그로기배율",,,,
"강화 특수 스킬: 포식의 발톱·빠른 걸음",펄크라,특수스킬,강화특수스킬-탭,물리 피해,"무적판정, 높은그로기배율",에너지,추격,,
"콤보 스킬: 안녕, 이건 몰랐지?",펄크라,콤보공격,콤보 스킬,물리 피해,무적판정,,,트랩,
"궁극기: 자, 놀아 볼까?",펄크라,콤보공격,궁극기,물리 피해,무적판정,데시벨,,,
핵심 패시브: 사냥꾼의 본능,펄크라,핵심스킬,핵심 패시브,-,"연계공격발동, 피해증가",,,Hunter's Gait,
추가 능력: 비즈니스 파트너,펄크라,핵심스킬,추가 능력,-,"치명타확률증가",,,,"속성시너지-물리, 진영시너지"
"일반 공격: 궁극의 연타",반인호,일반공격,일반공격-탭,물리 피해,,,,,
"회피: 제비처럼 가벼운 몸짓",반인호,회피스킬,회피,-,무적판정,,,,
"대시 공격: 부글부글 끓는 기름",반인호,회피스킬,대시공격,물리 피해,,,,,
"회피 반격: 산과 바다를 뒤엎다",반인호,회피스킬,회피 반격,물리 피해,"높은그로기배율, 무적판정",,,,
"빠른 지원: 고개를 들면 행운이 있을지니",반인호,지원스킬,빠른 지원,물리 피해,무적판정,,,,
"패링 지원: 위협적인 존재감",반인호,지원스킬,패링 지원,-,"무적판정, 패링",,,,
"지원 돌격: 기세를 몰아",반인호,지원스킬,지원 돌격,물리 피해,무적판정,,,,
"특수 스킬: 폭음점혈지",반인호,특수스킬,특수스킬-탭,물리 피해,경직저항증가,,,,
"특수 스킬: 단맥파혈수",반인호,특수스킬,특수스킬-홀드,물리 피해,무적판정,,,,
"강화 특수 스킬: 첩산진맥고",반인호,특수스킬,강화특수스킬-탭,물리 피해,"무적판정, 높은그로기배율",에너지,,,절명
"콤보 스킬: 요리사의 기합",반인호,콤보공격,콤보 스킬,물리 피해,무적판정,,,,
"궁극기: 진수성찬!",반인호,콤보공격,궁극기,물리 피해,"무적판정, 체력회복",데시벨,,,
"핵심 패시브: 기맥건곤",반인호,핵심스킬,핵심 패시브,-,피해증가,,,관입력,
"추가 능력: 판다의 위장",반인호,핵심스킬,추가 능력,-,,,,,"속성시너지-물리, 진영시너지"
"일반 공격: 너구리의 발톱",유즈하,일반공격,일반공격-탭,물리 피해,,,,,
"일반 공격: 너구리의 장막",유즈하,일반공격,일반공격-홀드,물리 피해,,,,,
"일반 공격: 하드 캔디 샷",유즈하,일반공격,일반공격-탭,물리 피해,,,,,
"일반 공격: 스프링클 버스트",유즈하,일반공격,일반공격-홀드,물리 피해,,,,,
"일반 공격: 스프링클 버스트·맥스",유즈하,일반공격,일반공격-홀드,물리 피해,,,,,
"일반 공격: 너구리의 도움",유즈하,일반공격,일반공격-홀드,물리 피해,,,,,
"회피: 깜짝 놀랐지?",유즈하,회피스킬,회피,-,무적판정,,,,
"대시 공격: 너 이제 큰일 났다!",유즈하,회피스킬,대시공격,물리 피해,,,,,
"회피 반격: 복수 시작~",유즈하,회피스킬,회피 반격,물리 피해,"높은그로기배율, 무적판정",,,,
"빠른 지원: 디저트 타임",유즈하,지원스킬,빠른 지원,물리 피해,무적판정,,,,
"패링 지원: 재미 더하기",유즈하,지원스킬,패링 지원,-,"무적판정, 패링",,,,
"지원 돌격: 쿠키 한 조각 어때",유즈하,지원스킬,지원 돌격,물리 피해,무적판정,,,,
"지원 돌격: 필링 하드 캔디 샷",유즈하,지원스킬,지원 돌격,물리 피해,"무적판정, 혼돈",,,,
"특수 스킬: 젤리 폭격",유즈하,특수스킬,특수스킬-탭,물리 피해,경직저항증가,,,,
"강화 특수 스킬: 충치 조심해",유즈하,특수스킬,강화특수스킬-탭,물리 피해,"무적판정, 이상 축적 효율 상승",에너지,,,
"강화 특수 스킬: 충치 조심해, 바로 지금 말이야!",유즈하,특수스킬,강화특수스킬-홀드,물리 피해,"무적판정, 높은그로기배율",에너지,,,
"달콤한 공포",유즈하,특수스킬,특수스킬-홀드,물리 피해,무적판정,,,,
"콤보 스킬: 짓궂은 공격",유즈하,콤보공격,콤보 스킬,물리 피해,"무적판정, 콤보 체인 강제 발동",,,,
"궁극기: 항복하면 안 잡아먹지",유즈하,콤보공격,궁극기,물리 피해,"무적판정, 콤보 체인 강제 발동",데시벨,,,
"핵심 패시브: 다채로운 기교",유즈하,핵심스킬,핵심 패시브,-,"혼돈, 이상피해증가",,,,
"추가 능력: 사람이 많을수록 재밌지",유즈하,핵심스킬,추가 능력,-,,,,,"속성시너지-물리, 진영시너지"
"일반 공격: 별의 서곡",앨리스,일반공격,일반공격-탭,물리 피해,,,,,
"일반 공격: 별빛 원무곡",앨리스,일반공격,일반공격-홀드,물리 피해,,,,,
"회피: 깡총대는 토끼",앨리스,회피스킬,회피,-,무적판정,,,,
"대시 공격: 검무의 바람",앨리스,회피스킬,대시공격,물리 피해,,,,,
"회피 반격: 검빛 의례",앨리스,회피스킬,회피 반격,물리 피해,"높은그로기배율, 무적판정",,,,
"빠른 지원: 얼터네이트 스탭",앨리스,지원스킬,빠른 지원,물리 피해,무적판정,,,,
"패링 지원: 패리 가드",앨리스,지원스킬,패링 지원,-,"무적판정, 패링",,,,
"지원 돌격: 크로스 리포스트",앨리스,지원스킬,지원 돌격,물리 피해,무적판정,,,,
"특수 스킬: 여명 찌르기",앨리스,특수스킬,특수스킬-탭,물리 피해,경직저항증가,,,,
"강화 특수 스킬: 오로라 찌르기·북십자성",앨리스,특수스킬,강화특수스킬-탭,물리 피해,"무적판정, 이상피해증가",에너지,,,
"강화 특수 스킬: 오로라 찌르기·남십자성",앨리스,특수스킬,강화특수스킬-홀드,물리 피해,"무적판정, 이상축적상승",에너지,,,
"콤보 스킬: 별의 중간장",앨리스,콤보공격,콤보 스킬,물리 피해,무적판정,,,,
"궁극기: 별빛 피날레",앨리스,콤보공격,궁극기,물리 피해,무적판정,데시벨,,,
"핵심 패시브: 쌍둥이 무지개의 검심",앨리스,핵심스킬,핵심 패시브,-,이상피해증가,,,,
"추가 능력: 기묘한 곳을 찾아서",앨리스,핵심스킬,추가 능력,-,,,,,"속성시너지-물리, 진영시너지"
"일반 공격: 무엇을 도와드릴까요?",다이아린,일반공격,일반공격-탭,물리 피해,,,,,
"일반 공격: 가위바위보",다이아린,일반공격,일반공격-홀드,물리 피해,,,,,
"회피: 통화 중",다이아린,회피스킬,회피,-,무적판정,,,,
"대시 공격: 갑자기 걸려온 전화",다이아린,회피스킬,대시공격,물리 피해,,,,,
"회피 반격: 수신 불가",다이아린,회피스킬,회피 반격,물리 피해,"높은그로기배율, 무적판정",,,,
"빠른 지원: 착신 전환",다이아린,지원스킬,빠른 지원,물리 피해,무적판정,,,,
"패링 지원: 통화 거절",다이아린,지원스킬,패링 지원,-,"무적판정, 패링",,,,
"지원 돌격: 연속 호출",다이아린,지원스킬,지원 돌격,물리 피해,무적판정,,,,
"강화 특수 스킬: 고객 배웅!",다이아린,특수스킬,강화특수스킬-홀드,물리 피해,"무적판정, 높은그로기배율",에너지,,,
"특수 스킬: 환영의 제스처",다이아린,특수스킬,특수스킬-탭,물리 피해,경직저항증가,,,,
"강화 특수 스킬: 바위",다이아린,특수스킬,강화특수스킬-탭,물리 피해,"무적판정, 높은그로기배율",에너지,,,
"강화 특수 스킬: 가위",다이아린,특수스킬,강화특수스킬-탭,물리 피해,"무적판정, 높은그로기배율",에너지,,,
"강화 특수 스킬: 보!",다이아린,특수스킬,강화특수스킬-탭,물리 피해,"무적판정, 높은그로기배율",에너지,,,
"콤보 스킬: 웰컴 매트",다이아린,콤보공격,콤보 스킬,물리 피해,"무적판정, 강제 체인 발동",,,,
"궁극기: 고객님의 번호가 정지되었습니다",다이아린,콤보공격,궁극기,물리 피해,"무적판정, 강제 체인 발동",데시벨,,,
"핵심 패시브: 별점 5점 고객센터 핫라인",다이아린,핵심스킬,핵심 패시브,-,"그로기, 이상피해증가",,,,
"추가 능력: 전화 찬스",다이아린,핵심스킬,추가 능력,-,,,,,"속성시너지-물리, 진영시너지"
"일반 공격: 빠른 검",엽빛나,일반공격,일반공격-탭,물리 피해,,,,,
"일반 공격: 구름의 검의",엽빛나,일반공격,일반공격-홀드,물리 피해,,,,,
"일반 공격: 명심경·갈라지는 물줄기",엽빛나,일반공격,명심경,물리 피해,,,,명심경,
"일반 공격: 명심경·솟구치는 기세",엽빛나,일반공격,명심경,물리 피해,,,,명심경,
"일반 공격: 명심경·참광·극",엽빛나,일반공격,명심경,물리 피해,,,,명심경,
"일반 공격: 명심경·참광",엽빛나,일반공격,명심경,물리 피해,,,,명심경,
"일반 공격: 명심경·참광·멸",엽빛나,일반공격,명심경,물리 피해,,,,명심경,
"일반 공격: 극치",엽빛나,일반공격,스탠스,-,피해증가,,,극치,
"회피: 흔적 없는 걸음",엽빛나,회피스킬,회피,-,무적판정,,,,
"회피: 구름의 종적",엽빛나,회피스킬,회피,-,무적판정,,,,
"대시 공격: 그림자 같은 질주",엽빛나,회피스킬,대시공격,물리 피해,,,,,
"회피 반격: 제비 같은 민첩함",엽빛나,회피스킬,회피 반격,물리 피해,"높은그로기배율, 무적판정",,,,
"등장 스킬: 비춰진 그림자",엽빛나,지원스킬,등장 스킬,물리 피해,,,,,
"빠른 지원: 수비 지원",엽빛나,지원스킬,빠른 지원,물리 피해,무적판정,,,,
"지원 돌격: 다툼 종결",엽빛나,지원스킬,지원 돌격,물리 피해,무적판정,,,,
"패링 지원: 돌아갈 때",엽빛나,지원스킬,패링 지원,-,"무적판정, 패링",,,,
"빠른 지원: 명심경·응전",엽빛나,지원스킬,빠른 지원,물리 피해,무적판정,,,명심경,
"지원 돌격: 명심경·통합",엽빛나,지원스킬,지원 돌격,물리 피해,무적판정,,,명심경,
"특수 스킬: 파도를 인도하는 자",엽빛나,특수스킬,특수스킬-탭,물리 피해,경직저항증가,,,,
"강화 특수 스킬: 파란 평정",엽빛나,특수스킬,강화특수스킬-탭,물리 피해,"무적판정, 높은그로기배율",에너지,,,
"특수 스킬: 명심경·옷자락을 털고",엽빛나,특수스킬,특수스킬,물리 피해,경직저항증가,,,명심경,
"강화 특수 스킬: 명심경·섬광",엽빛나,특수스킬,강화특수스킬-탭,물리 피해,"무적판정, 피해증가",에너지,,명심경,
"강화 특수 스킬: 명심경·귀결",엽빛나,특수스킬,강화특수스킬-홀드,물리 피해,"무적판정, 데미지버프",에너지,,명심경,
"콤보 스킬: 악을 베어내리",엽빛나,콤보공격,콤보 스킬,물리 피해,무적판정,,,,
"궁극기: 운무를 흐리는 전격",엽빛나,콤보공격,궁극기,물리 피해,무적판정,데시벨,,,
"콤보 스킬: 명심경·거친 우레",엽빛나,콤보공격,콤보 스킬,물리 피해,무적판정,,,명심경,
"궁극기: 망념을 베고 하늘을 열리",엽빛나,콤보공격,궁극기,물리 피해,무적판정,데시벨,,명심경,
"핵심 패시브: 무명 타파",엽빛나,핵심스킬,핵심 패시브,-,피해증가,,,,
"추가 능력: 거스르는 빛",엽빛나,핵심스킬,추가 능력,-,,,,,"속성시너지-물리, 진영시너지"
"일반 공격: 장난스런 별망치",수나,일반공격,일반공격-탭,물리 피해,,,,,
"일반 공격: 짓궃은 고양이, 등장!",수나,일반공격,일반공격-홀드,물리 피해,,,,,
"회피: 안 맞지롱",수나,회피스킬,회피,-,무적판정,,,,
"대시 공격: 치솟는 망치",수나,회피스킬,대시공격,물리 피해,,,,,
"회피 반격: 망상의 삼진",수나,회피스킬,회피 반격,물리 피해,"높은그로기배율, 무적판정",,,,
"빠른 지원: 광음의 연타",수나,지원스킬,빠른 지원,물리 피해,무적판정,,,,
"패링 지원: 무대 공포증",수나,지원스킬,패링 지원,-,"무적판정, 패링",,,,
"지원 돌격: 점프 연습",수나,지원스킬,지원 돌격,물리 피해,무적판정,,,,
"특수 스킬: 스타 슈터",수나,특수스킬,특수스킬-탭,물리 피해,경직저항증가,,,,
"강화 특수 스킬: 방울껌 폭격",수나,특수스킬,강화특수스킬-탭,물리 피해,"무적판정, 높은그로기배율",에너지,,,
"강화 특수 스킬: 특별한 촬영 기법",수나,특수스킬,강화특수스킬-홀드,물리 피해,"무적판정, 높은그로기배율",에너지,,,
"콤보 스킬: 고양이를 화나게 하지 마",수나,콤보공격,콤보 스킬,물리 피해,무적판정,,,,
"궁극기: 전부 부숴버리겠어!",수나,콤보공격,궁극기,물리 피해,무적판정,데시벨,,,
"핵심 패시브: 귀여움이 곧 정의",수나,핵심스킬,핵심 패시브,-,피해감소,,,,
"추가 능력: 백일몽 대립법",수나,핵심스킬,추가 능력,-,,,,,"속성시너지-물리, 진영시너지"
"일반 공격: 워밍업 스파크",11호,일반공격,일반공격-탭,불 피해,,,,,
"일반 공격: 화력 진압",11호,일반공격,일반공격-특수,불 피해,,,화력 진압,
"회피: 어닐링",11호,회피스킬,회피,-,무적판정,,,,
"대시 공격: 이글거리는 불꽃",11호,회피스킬,대시공격,불 피해,,,,,
"대시 공격: 화력 진압",11호,회피스킬,대시공격-특수,불 피해,,,화력 진압,
"회피 반격: 역화",11호,회피스킬,회피 반격,불 피해,"높은그로기배율, 무적판정",,,,
"빠른 지원: 화력 엄호",11호,지원스킬,빠른 지원,불 피해,무적판정,,,,
"패링 지원: 방어선 다지기",11호,지원스킬,패링 지원,-,"무적판정, 패링",,,,
"지원 돌격: 재점화",11호,지원스킬,지원 돌격,불 피해,무적판정,,,,
"특수 스킬: 맹렬한 불꽃",11호,특수스킬,특수스킬-탭,불 피해,경직저항증가,,,,
"강화 특수 스킬: 타오르는 맹렬한 불꽃",11호,특수스킬,강화특수스킬-탭,불 피해,"무적판정, 높은그로기배율",에너지,,화력 진압,
"콤보 스킬: 드높은 불꽃",11호,콤보공격,콤보 스킬,불 피해,무적판정,,,,화력 진압,
"궁극기: 터지는 불꽃",11호,콤보공격,궁극기,불 피해,무적판정,데시벨,,화력 진압,
"핵심 패시브: 뜨거운 파도",11호,핵심스킬,핵심 패시브,-,피해증가,,,화력 진압,
"추가 능력: 불타는 벌판",11호,핵심스킬,추가 능력,-,,,,,"속성시너지-불, 진영시너지"
"일반 공격: 압착, 분쇄",콜레다,일반공격,일반공격-탭,불 피해,,,,,
"회피: 두고 보자",콜레다,회피스킬,회피,-,무적판정,,,,
"대시 공격: 떨게 해주지",콜레다,회피스킬,대시공격,물리 피해,,,,,
"회피 반격: 무시하지 마",콜레다,회피스킬,회피 반격,불 피해,"높은그로기배율, 무적판정",,,,
"빠른 지원: 내가 할게",콜레다,지원스킬,빠른 지원,불 피해,무적판정,,,,
"패링 지원: 호신용 망치",콜레다,지원스킬,패링 지원,-,"무적판정, 패링",,,,
"지원 돌격: 해머 벨",콜레다,지원스킬,지원 돌격,불 피해,무적판정,,,,
"특수 스킬: 폭파! 해머 타임",콜레다,특수스킬,특수스킬-탭,불 피해,경직저항증가,,,용광로 가열,
"강화 특수 스킬: 끓는 용광로",콜레다,특수스킬,강화특수스킬-탭,불 피해,"무적판정, 높은그로기배율",에너지,,용광로 가열,벤 협동 공격
"콤보 스킬: 하늘이 무너지고 땅이 갈라진다",콜레다,콤보공격,콤보 스킬,불 피해,무적판정,,,,용광로 가열,벤 협동 공격
"궁극기: 바닥에 처박아주마!",콜레다,콤보공격,궁극기,불 피해,무적판정,데시벨,,용광로 가열,벤 협동 공격
"핵심 패시브: 폭파 망치",콜레다,핵심스킬,핵심 패시브,-,그로기수치증가,,,용광로 가열,
"추가 능력: 벨로보그 경영학",콜레다,핵심스킬,추가 능력,-,,,,,"속성시너지-불, 진영시너지"
"일반 공격: 정산",벤,일반공격,일반공격-탭,물리 피해,,,,,
"회피: 영수증 오류",벤,회피스킬,회피,-,무적판정,,,,
"대시 공격: 비용 청구",벤,회피스킬,대시공격,물리 피해,,,,,
"회피 반격: 청산",벤,회피스킬,회피 반격,불 피해,"높은그로기배율, 무적판정",,,,
"빠른 지원: 공동 채권추심",벤,지원스킬,빠른 지원,불 피해,무적판정,,,,
"패링 지원: 위험 분산",벤,지원스킬,패링 지원,-,"무적판정, 패링",,,,
"지원 돌격: 계약 위반 징벌",벤,지원스킬,지원 돌격,불 피해,무적판정,,,,
"특수 스킬: 채「권」 통계",벤,특수스킬,특수스킬-탭,불 피해,가드판정,,,쉴드,
"강화 특수 스킬: 만기를 알리는 주먹",벤,특수스킬,강화특수스킬-탭,불 피해,"가드판정, 무적판정",에너지,,쉴드,
"콤보 스킬: 날인, 결산",벤,콤보공격,콤보 스킬,불 피해,무적판정,,,,쉴드,
"궁극기: 채「권」, 전면 청산",벤,콤보공격,궁극기,불 피해,무적판정,데시벨,,쉴드,
"핵심 패시브: 수비",벤,핵심스킬,핵심 패시브,-,치명타확률증가,,,가드,
"추가 능력: 합의 계약",벤,핵심스킬,추가 능력,-,,,,,"속성시너지-불, 진영시너지"
"일반 공격: 숙녀의 방망이",루시,일반공격,일반공격-탭,물리 피해,,,,,
"친위대 새끼 멧돼지: 무기를 들자!",루시,일반공격,소환수 공격,물리 피해,,,가드 보어,
"친위대 새끼 멧돼지: 회전 타법!",루시,일반공격,소환수 공격,불 피해,,,가드 보어,
"회피: 볼!",루시,회피스킬,회피,-,무적판정,,,,
"대시 공격: 저돌적으로!",루시,회피스킬,대시공격,물리 피해,,,,,
"회피 반격: 송곳니 반응!",루시,회피스킬,회피 반격,불 피해,"높은그로기배율, 무적판정",,,,
"빠른 지원: 사구!",루시,지원스킬,빠른 지원,불 피해,무적판정,,,,
"패링 지원: 세이프!",루시,지원스킬,패링 지원,-,"무적판정, 패링",,,,
"지원 돌격: 홈인!",루시,지원스킬,지원 돌격,불 피해,무적판정,,,,
"특수 스킬: 안타!",루시,특수스킬,특수스킬-탭,불 피해,경직저항증가,,,,
"강화 특수 스킬: 홈런!",루시,특수스킬,강화특수스킬-탭,불 피해,"무적판정, 높은그로기배율",에너지,,가드 보어,
"특수 스킬: 파이팅!",루시,특수스킬,버프,-,파티공격력증가,,,파이팅!,빠른 지원 연계
"콤보 스킬: 만루 홈런!",루시,콤보공격,콤보 스킬,불 피해,무적판정,,,,파이팅!,
"궁극기: 끝내기 홈런!",루시,콤보공격,궁극기,불 피해,무적판정,데시벨,,파이팅!,가드 보어
"핵심 패시브: 붉은 갈기 친위대",루시,핵심스킬,핵심 패시브,-,피해증가,,,가드 보어,
"추가 능력: 타격 준비!",루시,핵심스킬,추가 능력,-,,,,,"속성시너지-불, 진영시너지"
"일반 공격: 활활 빌딩",버니스,일반공격,일반공격-탭,물리 피해,불 피해,,,,
"일반 공격: 활활 스티어링",버니스,일반공격,일반공격-특수,불 피해,,,,,
"회피: 불타는 그림자",버니스,회피스킬,회피,-,무적판정,,,,
"대시 공격: 위험한 발효",버니스,회피스킬,대시공격,물리 피해,,,,,
"회피 반격: 흔들흔들 스텝",버니스,회피스킬,회피 반격,불 피해,"높은그로기배율, 무적판정",,,,
"빠른 지원: 특제 에너지 음료",버니스,지원스킬,빠른 지원,불 피해,무적판정,,,,
"패링 지원: 스모키 퓨엘",버니스,지원스킬,패링 지원,-,"무적판정, 패링",,,,
"지원 돌격: 후끈한 감로",버니스,지원스킬,지원 돌격,불 피해,무적판정,,,,
"특수 스킬: 이글이글 에이징",버니스,특수스킬,특수스킬-탭,불 피해,경직저항증가,,,발화점,
"강화 특수 스킬: 이글이글 쉐이킹",버니스,특수스킬,강화특수스킬-탭,불 피해,"무적판정, 높은그로기배율",에너지,,발화점,
"강화 특수 스킬: 이글이글 쉐이킹·더블",버니스,특수스킬,강화특수스킬-연계,불 피해,"무적판정, 높은그로기배율",에너지,,잿불,
"콤보 스킬: 연료를 태우는 불꽃",버니스,콤보공격,콤보 스킬,불 피해,무적판정,,,,발화점,
"궁극기: 타오르는 불꽃을 느껴봐",버니스,콤보공격,궁극기,불 피해,무적판정,데시벨,,발화점,
"핵심 패시브: 특제 연료",버니스,핵심스킬,핵심 패시브,-,피해연계,,,잿불,
"추가 능력: 요원의 불길",버니스,핵심스킬,추가 능력,-,,,,,"속성시너지-불, 진영시너지"
일반 공격: L식 포효하는 주먹,라이터,일반공격,일반공격-탭,불 피해,,,사기,사기 분출,
회피: 쉐도우 스텝,라이터,회피스킬,회피,-,무적판정,,,,
대시 공격: 분쇄 주먹,라이터,회피스킬,대시공격,불 피해,,,,,
회피 반격: 섬광,라이터,회피스킬,회피 반격,불 피해,"높은그로기배율, 무적판정",,,,
빠른 지원: 섬광-수비,라이터,지원스킬,빠른 지원,불 피해,무적판정,,,,
패링 지원: 순간 파괴,라이터,지원스킬,패링 지원,-,"무적판정, 패링",,,,
지원 돌격: 분쇄 주먹-찌르기,라이터,지원스킬,지원 돌격,불 피해,무적판정,,,,
특수 스킬: V식 태양 승권,라이터,특수스킬,특수스킬-탭,불 피해,경직저항증가,,,,
강화 특수 스킬: V식 태양 승권-풀파워,라이터,특수스킬,강화특수스킬-탭,불 피해,"무적판정, 높은그로기배율",에너지,,사기 분출,
콤보 스킬: V식 작열하는 태양,라이터,콤보공격,콤보 스킬,불 피해,무적판정,,,붕괴,
궁극기: W식 챔피언의 염화,라이터,콤보공격,궁극기,불 피해,무적판정,데시벨,,붕괴,
핵심 패시브: 조연제,라이터,핵심스킬,핵심 패시브,-,팀 파티버프,,,환희,
추가 능력: 드높은 투지,라이터,핵심스킬,추가 능력,-,,,,,"속성시너지-불, 진영시너지"
일반 공격: 교살식Ⅰ형,이블린,일반공격,일반공격-탭,물리 피해,,,잉걸불,,
일반 공격: 교살식Ⅱ형,이블린,일반공격,일반공격-홀드,불 피해,"경직저항증가, 받는피해감소",잉걸불,,,화승점
회피: 아크 스텝,이블린,회피스킬,회피,-,무적판정,,,,
대시 공격: 잠행 습격,이블린,회피스킬,대시공격,물리 피해,,,,,
회피 반격: 올가미 반격,이블린,회피스킬,회피 반격,불 피해,"높은그로기배율, 무적판정",,,뒤엉킨 금제,
빠른 지원: 달빛타래인도,이블린,지원스킬,빠른 지원,불 피해,무적판정,,,,
패링 지원: 달빛타래차단,이블린,지원스킬,패링 지원,-,"무적판정, 패링",,,,
지원 돌격: 달빛타래단두대,이블린,지원스킬,지원 돌격,불 피해,무적판정,,,,
특수 스킬: 속박식Ⅰ형,이블린,특수스킬,특수스킬-탭,불 피해,경직저항증가,,,감금,뒤엉킨 금제
강화 특수 스킬: 속박식최종형,이블린,특수스킬,강화특수스킬-탭,불 피해,"무적판정, 높은그로기배율",에너지,,감금,뒤엉킨 금제
콤보 스킬: 달빛타래올가미,이블린,콤보공격,콤보 스킬,불 피해,무적판정,화승점,,뒤엉킨 금제,
궁극기: 달빛타래현의 울림,이블린,콤보공격,궁극기,불 피해,무적판정,데시벨,,염무 각성,
핵심 패시브: 얽매는 줄,이블린,핵심스킬,핵심 패시브,-,치명타확률증가,,,뒤엉킨 금제,
추가 능력: 잠습 포인트,이블린,핵심스킬,추가 능력,-,,,,,"클래스 시너지-격파, 클래스 시너지-지원"
일반 공격: 대호칠식범의 발톱,귤복복,일반공격,일반공격-탭,물리 피해,,,,,
일반 공격: 대호칠식산군의 놀음,귤복복,일반공격,일반공격-홀드,불 피해,"경직저항증가, 받는피해감소",위세,여진 공격,위풍,
회피: 대호칠식호랑이를 따르는 바람,귤복복,회피스킬,회피,-,무적판정,,,,
대시 공격: 대호칠식질주하는 호랑이,귤복복,회피스킬,대시공격,물리 피해,,,,,
회피 반격: 대호칠식불타는 산,귤복복,회피스킬,회피 반격,불 피해,"높은그로기배율, 무적판정",,,,
빠른 지원: 호위비호,귤복복,지원스킬,빠른 지원,불 피해,무적판정,,,,
패링 지원: 호위포효,귤복복,지원스킬,패링 지원,-,"무적판정, 패링",,,,
지원 돌격: 호위출림,귤복복,지원스킬,지원 돌격,불 피해,무적판정,,,,
특수 스킬: 대호칠식위협,귤복복,특수스킬,특수스킬-탭,불 피해,경직저항증가,,,,
강화 특수 스킬: 대호칠식맹호강림,귤복복,특수스킬,강화특수스킬-탭,불 피해,"무적판정, 높은그로기배율",에너지,,위세,
콤보 스킬: 호랑솥붕괴,귤복복,콤보공격,콤보 스킬,불 피해,무적판정,,,호위,
궁극기: 호랑솥진살,귤복복,콤보공격,궁극기,불 피해,무적판정,데시벨,여진 공격,위풍,
핵심 패시브: 늠름한 호랑이,귤복복,핵심스킬,핵심 패시브,-,충격력증가,,,어흥,
추가 능력: 무시무시한 작은 호랑이,귤복복,핵심스킬,추가 능력,-,"그로기, 치명타확률증가",,,,"속성시너지-불, 진영시너지"
일반 공격: 고압 화기,오피 & 도깨비불,일반공격,일반공격-탭,불 피해,,,,,
회피: 일렁이는 불빛,오피 & 도깨비불,회피스킬,회피,-,무적판정,,,,
대시 공격: 기습 명령,오피 & 도깨비불,회피스킬,대시공격,물리 피해,,,,,
회피 반격: 반격의 기회,오피 & 도깨비불,회피스킬,회피 반격,불 피해,"높은그로기배율, 무적판정",,,,
빠른 지원: 도깨비불 점화,오피 & 도깨비불,지원스킬,빠른 지원,불 피해,무적판정,,,,
패링 지원: 철벽 방어,오피 & 도깨비불,지원스킬,패링 지원,-,"무적판정, 패링",,,,
지원 돌격: 화염 쇄도,오피 & 도깨비불,지원스킬,지원 돌격,불 피해,무적판정,,,,
특수 스킬: 부식의 섬광,오피 & 도깨비불,특수스킬,특수스킬-탭,불 피해,오프필드 발동,,,정조준,
강화 특수 스킬: 적홍의 소용돌이,오피 & 도깨비불,특수스킬,강화특수스킬-탭,불 피해,오프필드 발동,에너지,여진 공격,정조준,
강화 특수 스킬: 발밑 조심,오피 & 도깨비불,특수스킬,강화특수스킬-탭,불 피해,무적판정,에너지,여진 공격,정조준,
강화 특수 스킬: 응축된 열에너지,오피 & 도깨비불,특수스킬,강화특수스킬-홀드,불 피해,"무적판정, 높은그로기배율",응축열,여진 공격,정조준,
강화 특수 스킬: 열화 분출,오피 & 도깨비불,특수스킬,강화특수스킬-연계,불 피해,무적판정,,여진 공격,정조준,
콤보 스킬: 과열된 총열,오피 & 도깨비불,콤보공격,콤보 스킬,불 피해,무적판정,,여진 공격,정조준,
궁극기: 화염과 함께 춤을,오피 & 도깨비불,콤보공격,궁극기,불 피해,무적판정,데시벨,여진 공격,정조준,
핵심 패시브: 바람과 불을 거느린 자,오피 & 도깨비불,핵심스킬,핵심 패시브,-,"치명타확률증가, 공격력증가",,,정조준,
추가 능력: 호화로운 고양이집,오피 & 도깨비불,핵심스킬,추가 능력,-,"적 방어력무시, 피해증가",,,,"속성시너지-불, 진영시너지"
일반 공격: 열풍·어둠 베기,마나토,일반공격,일반공격-탭,물리 피해,"HP 회복, 피해증가",,,잔화,
강화 일반 공격: 열풍·어둠 베기,마나토,일반공격,일반공격-강화,불 피해,피해증가,,,달궈진 칼날,
회피: 빛나는 칼날,마나토,회피스킬,회피,-,무적판정,,,,
대시 공격: 빛나는 칼날·잔심,마나토,회피스킬,대시공격,물리 피해,,,,,
회피 반격: 빛나는 칼날·교란,마나토,회피스킬,회피 반격,불 피해,"높은그로기배율, 무적판정",,,,
빠른 지원: 칼날의 인도,마나토,지원스킬,빠른 지원,불 피해,무적판정,,,,
패링 지원: 검의 방벽,마나토,지원스킬,패링 지원,-,"무적판정, 패링",,,뜨거운 마음,
지원 돌격: 맹렬한 참격,마나토,지원스킬,지원 돌격,불 피해,"무적판정, 피해증가",,,잔화,
특수 스킬: 잔재,마나토,특수스킬,특수스킬-탭,불 피해,"경직저항증가, 받는피해감소, HP 회복",,,,
강화 특수 스킬: 잔재·희생,마나토,특수스킬,강화특수스킬-홀드,불 피해,"경직저항증가, 받는피해감소, HP 회복",HP,,뜨거운 마음,
강화 특수 스킬: 잔재·추락,마나토,특수스킬,강화특수스킬-파생,불 피해,"무적판정, 높은그로기배율",,,,
콤보 스킬: 맹렬한 폭발,마나토,콤보공격,콤보 스킬,불 피해,무적판정,,,잔화,
궁극기: 맹렬한 폭발·잔야,마나토,콤보공격,궁극기,불 피해,무적판정,데시벨,,잔화,
핵심 패시브: 달궈진 칼날의 기세,마나토,핵심스킬,핵심 패시브,-,"적 방어력무시, 치명타확률증가",,관입력,달궈진 칼날,
추가 능력: 다시 타오르는 마음,마나토,핵심스킬,추가 능력,-,HP 회복,,,잔화,"클래스 시너지-지원, 클래스 시너지-격파"
일반 공격: 험준한 산,반악,일반공격,일반공격-탭,물리 피해,,,,,
일반 공격: 웅장한 산,반악,일반공격,일반공격-탭,물리 피해,,,,,
일반 공격: 분신,반악,일반공격,일반공격-파생,-,기운 회복,,,노상,분개
일반 공격: 무너진 산,반악,일반공격,일반공격-파생,불 피해,피해증가,,,노상,
회피: 산맥 넘기,반악,회피스킬,회피,-,무적판정,,,,
회피: 도발,반악,회피스킬,이동-도발,-,무적판정,,,,
대시 공격: 휘날리는 모래,반악,회피스킬,대시공격,불 피해,,,,,
회피 반격: 흩날리는 자갈,반악,회피스킬,회피 반격,불 피해,"높은그로기배율, 무적판정",,,,
빠른 지원: 산맥의 비호,반악,지원스킬,빠른 지원,불 피해,무적판정,,,,
패링 지원: 산처럼 굳건한,반악,지원스킬,패링 지원,-,"무적판정, 패링",,,분개,
지원 돌격: 하늘을 향한 돌진,반악,지원스킬,지원 돌격,불 피해,무적판정,,,,
강화 특수 스킬: 흔들리는 땅,반악,특수스킬,강화특수스킬-탭,불 피해,"무적판정, 높은그로기배율",기운,전율,완벽 캔슬,
강화 특수 스킬: 요동치는 산,반악,특수스킬,강화특수스킬-탭,불 피해,"무적판정, 높은그로기배율",기운,전율,완벽 캔슬,
강화 특수 스킬: 진리의 말,반악,특수스킬,강화특수스킬-탭,불 피해,"무적판정, 높은그로기배율",기운,전율,완벽 캔슬,
강화 특수 스킬: 사자후,반악,특수스킬,강화특수스킬-탭,불 피해,"무적판정, 높은그로기배율",기운,전율,완벽 캔슬,
강화 특수 스킬: 요동치는 산분노,반악,특수스킬,강화특수스킬-연계,불 피해,"무적판정, 높은그로기배율",기운,전율,완벽 캔슬,
강화 특수 스킬: 사자후분노,반악,특수스킬,강화특수스킬-연계,불 피해,"무적판정, 높은그로기배율",기운,전율,완벽 캔슬,
궁극기: 산악 분쇄,반악,콤보공격,궁극기,불 피해,무적판정,데시벨,전율,노상,
콤보 스킬: 진노의 화염,반악,콤보공격,콤보 스킬,불 피해,무적판정,,,,
핵심 패시브: 뭇 산과 같이,반악,핵심스킬,핵심 패시브,-,"관입 피해증가, 치명타피해증가",,관입력,"기운, 분개, 산의 위력",
추가 능력: 드높은 산꼭대기,반악,핵심스킬,추가 능력,-,불 속성 피해증가,,,명왕,"클래스 시너지-지원, 클래스 시너지-격파"
일반 공격: 늑대의 사냥,리카온,일반공격,일반공격-탭,물리 피해,,,,,
일반 공격: 늑대의 사냥(차지),리카온,일반공격,일반공격-차지,얼음 피해,피해증가,,,,
회피: 적절한 포지셔닝,리카온,회피스킬,회피,-,무적판정,,,,
대시 공격: 청결 유지,리카온,회피스킬,대시공격,물리 피해,,,,,
회피 반격: 예절 교육,리카온,회피스킬,회피 반격,얼음 피해,"높은그로기배율, 무적판정",,,,
빠른 지원: 늑대의 비호,리카온,지원스킬,빠른 지원,얼음 피해,무적판정,,,,
패링 지원: 철저한 경호,리카온,지원스킬,패링 지원,-,"무적판정, 패링",,,,
지원 돌격: 신속한 제압,리카온,지원스킬,지원 돌격,얼음 피해,무적판정,,,,
특수 스킬: 사냥개 추격,리카온,특수스킬,특수스킬-탭,얼음 피해,경직저항증가,,,,
특수 스킬: 사냥개 추격(차지),리카온,특수스킬,특수스킬-차지,얼음 피해,경직저항증가,,,,
강화 특수 스킬: 사냥개 연속 추격,리카온,특수스킬,강화특수스킬-탭,얼음 피해,"무적판정, 높은그로기배율",에너지,,,
강화 특수 스킬: 사냥개 연속 추격(차지),리카온,특수스킬,강화특수스킬-차지,얼음 피해,"무적판정, 높은그로기배율",에너지,,,
콤보 스킬: 명을 따르겠습니다,리카온,콤보공격,콤보 스킬,얼음 피해,무적판정,,,,
궁극기: 불청객 배제,리카온,콤보공격,궁극기,얼음 피해,무적판정,데시벨,,,
핵심 패시브: 금속 늑대 다리,리카온,핵심스킬,핵심 패시브,-,"얼음 속성 피해 저항감소, 그로기수치증가",,,,
추가 능력: 우아한 포식자,리카온,핵심스킬,추가 능력,-,그로기배율증가,,,,"속성시너지-얼음, 진영시너지"
일반 공격: 바람개비,소우카쿠,일반공격,일반공격-탭,물리 피해,,,,,
일반 공격: 바람개비(서리로 물든 깃발),소우카쿠,일반공격,일반공격-강화,얼음 피해,피해증가,,,서리로 물든 깃발,
회피: 한입만,소우카쿠,회피스킬,회피,-,무적판정,,,,
대시 공격: 반띵,소우카쿠,회피스킬,대시공격,물리 피해,,,,,
강화 대시 공격: 반띵(서리로 물든 깃발),소우카쿠,회피스킬,대시공격-강화,얼음 피해,피해증가,,,서리로 물든 깃발,
회피 반격: 내 간식이거든!,소우카쿠,회피스킬,회피 반격,얼음 피해,"높은그로기배율, 무적판정",,,,
빠른 지원: 간식 시간,소우카쿠,지원스킬,빠른 지원,얼음 피해,무적판정,,,,
패링 지원: 깃발 막기,소우카쿠,지원스킬,패링 지원,-,"무적판정, 패링",,,,
지원 돌격: 깃발 휘두르기,소우카쿠,지원스킬,지원 돌격,얼음 피해,무적판정,,,,
특수 스킬: 바람 불기,소우카쿠,특수스킬,특수스킬-탭,물리 피해,경직저항증가,,,,
강화 특수 스킬: 모두 모여!,소우카쿠,특수스킬,강화특수스킬-홀드,얼음 피해,"무적판정, 빠른지원",에너지,깃발 펼치기,"와류, 서리로 물든 깃발",
콤보 스킬: 닭죽탕,소우카쿠,콤보공격,콤보 스킬,얼음 피해,무적판정,,,와류,깃발 펼치기
궁극기: 다 같이 닭죽탕,소우카쿠,콤보공격,궁극기,얼음 피해,무적판정,데시벨,,와류,깃발 펼치기
핵심 패시브: 깃발의 격려,소우카쿠,핵심스킬,핵심 패시브,-,공격력증가,,깃발 펼치기,와류,
추가 능력: 단체급식 세트,소우카쿠,핵심스킬,추가 능력,-,얼음 속성 피해증가,,,,"속성시너지-얼음, 진영시너지"
일반 공격: 급랭 전지법,엘렌,일반공격,일반공격-탭,물리 피해,,,,,
일반 공격: 칼날 파도,엘렌,일반공격,일반공격-강화,얼음 피해,피해증가,급랭 충전,,,
일반 공격: 서리 칼날,엘렌,일반공격,일반공격-강화,얼음 피해,피해증가,,,고속 차지,
회피: 소용돌이,엘렌,회피스킬,회피,-,무적판정,,,고속 차지,
대시 공격: 성난 파도,엘렌,회피스킬,대시공격,물리 피해,,,,,
대시 공격: 한파,엘렌,회피스킬,대시공격-강화,얼음 피해,피해증가,급랭 충전,급랭,,
대시 공격: 살얼음 잠습,엘렌,회피스킬,대시공격-차지,얼음 피해,피해증가,급랭 충전,급랭,성대한 연회,
회피 반격: 암초,엘렌,회피스킬,회피 반격,얼음 피해,"높은그로기배율, 무적판정",,,,
강화 특수 스킬: 휩쓸기,엘렌,특수스킬,강화특수스킬-탭,얼음 피해,"무적판정, 높은그로기배율",에너지,,급랭 충전,
강화 특수 스킬: 샤크나미,엘렌,특수스킬,강화특수스킬-연계,얼음 피해,"무적판정, 높은그로기배율",에너지,,급랭 충전,
콤보 스킬: 눈사태,엘렌,콤보공격,콤보 스킬,얼음 피해,무적판정,,,,
궁극기: 끝없는 겨울,엘렌,콤보공격,궁극기,얼음 피해,무적판정,데시벨,,,
핵심 패시브: 날카로운 이빨,엘렌,핵심스킬,핵심 패시브,-,치명타피해증가,,,급랭 충전,
추가 능력: 끝없는 한파,엘렌,핵심스킬,추가 능력,-,"에너지 회복, 관통률증가",빙결,급랭 충전,"고속 차지, 성대한 연회","속성시너지-얼음, 진영시너지"
일반 공격: 바람꽃,미야비,일반공격,일반공격-탭,물리 피해,가드 판정,,,,
일반 공격: 서리와 달,미야비,일반공격,일반공격-특수,얼음 피해,피해증가,내리는 서리,"서리열, 서리열파괴",서리와 달 자세,
회피: 물새,미야비,회피스킬,회피,-,무적판정,,,,
대시 공격: 겨울 벌,미야비,회피스킬,대시공격,물리 피해,,,,,
회피 반격: 겨울 참새,미야비,회피스킬,회피 반격,얼음 피해,"높은그로기배율, 무적판정",,,,
빠른 지원: 벚꽃 흩날리기,미야비,지원스킬,빠른 지원,얼음 피해,무적판정,,,,
패링 지원: 서릿발 가드,미야비,지원스킬,패링 지원,-,"무적판정, 패링",,,,
지원 돌격: 베어 가르기,미야비,지원스킬,지원 돌격,얼음 피해,무적판정,,,,
특수 스킬: 검의 춤,미야비,특수스킬,특수스킬-탭,얼음 피해,경직저항증가,,,,
강화 특수 스킬: 만발하는 검의 춤,미야비,특수스킬,강화특수스킬-탭,얼음 피해,"무적판정, 관통률증가",에너지,서리열,내리는 서리,
콤보 스킬: 봄이 온다,미야비,콤보공격,콤보 스킬,얼음 피해,무적판정,,,,
궁극기: 눈송이의 연회,미야비,콤보공격,궁극기,얼음 피해,무적판정,데시벨,혼돈,내리는 서리,
핵심 패시브: 설상가상,미야비,핵심스킬,핵심 패시브,-,이상마스터리증가,,,서리열,서리와 달 자세
추가 능력: 함께 맞는 눈서리,미야비,핵심스킬,추가 능력,-,"방어력 무시, 피해증가",,,내리는 서리,"속성시너지-얼음, 진영시너지"
일반 공격: 암연의 사중주,휴고,일반공격,일반공격-탭,물리 피해,,,,,
일반 공격: 암연의 협주곡,휴고,일반공격,일반공격-특수,얼음 피해,"피해감소, 경직저항증가",,,,
회피: 기만의 그림자,휴고,회피스킬,회피,-,무적판정,,,,
대시 공격: 기만의 그림자파괴,휴고,회피스킬,대시공격,물리 피해,,,,,
회피 반격: 기만의 그림자베기,휴고,회피스킬,회피 반격,얼음 피해,"높은그로기배율, 무적판정, 피해감소",,,,
빠른 지원: 장송곡,휴고,지원스킬,빠른 지원,얼음 피해,"무적판정, 피해감소",,,,
패링 지원: 역전의 카드,휴고,지원스킬,패링 지원,-,"무적판정, 패링",,,,
특수 스킬: 혼령 사냥,휴고,특수스킬,특수스킬-탭,물리 피해,경직저항증가,,,,
강화 특수 스킬: 혼령 사냥징벌,휴고,특수스킬,강화특수스킬-탭,얼음 피해,무적판정,에너지,,결산,
콤보 스킬: 운명의 트릭,휴고,콤보공격,콤보 스킬,얼음 피해,무적판정,,,,
궁극기: 신을 모독한 자,휴고,콤보공격,궁극기,얼음 피해,무적판정,데시벨,,결산,
핵심 패시브: 종말의 심판,휴고,핵심스킬,핵심 패시브,-,"치명타확률증가, 치명타피해증가",,암연의 메아리,결산,
추가 능력: 종언의 서곡,휴고,핵심스킬,추가 능력,-,"피해증가, 에너지 회복",,,결산,"속성시너지-얼음, 진영시너지"
일반 공격: 서릿발의 포옹,이드하리,일반공격,일반공격-차지,얼음 피해,"경직저항증가, HP소모",,,,
일반 공격: 짓누르는 서리,이드하리,일반공격,일반공격-특수,얼음 피해,"반격, 피해감소",,,,
일반 공격: 추격하는 한기,이드하리,일반공격,일반공격-파생,얼음 피해,경직저항증가,기운,"한기, 추격",,
회피: 움직이는 꿈,이드하리,회피스킬,회피,-,무적판정,,,,
대시 공격: 요동치는 서릿발,이드하리,회피스킬,대시공격,얼음 피해,,,,,
회피 반격: 얼음의 잔향,이드하리,회피스킬,회피 반격,얼음 피해,"높은그로기배율, 무적판정",,,,
강화 특수 스킬: 서리감기,이드하리,특수스킬,강화특수스킬-탭,얼음 피해,"무적판정, HP회복",기운,,,
강화 특수 스킬: 극한의 중압,이드하리,특수스킬,강화특수스킬-파생,얼음 피해,"무적판정, HP회복",기운,"한기, 추격",,
콤보 스킬: 한랭의 맹세,이드하리,콤보공격,콤보 스킬,얼음 피해,무적판정,,,에테르 장막·용천,
핵심 패시브: 꿈을 줍는 공상,이드하리,핵심스킬,핵심 패시브,-,데시벨회복증가,,,에테르 장막·용천,깨우침
특수 능력: 에테르 장막·용천,이드하리,핵심스킬,특수 패시브,-,"파티HP증가, 차지속도증가",데시벨,,에테르 장막·용천,
추가 능력: 완성형 서사,이드하리,핵심스킬,추가 능력,-,"치명타피해증가, 피해감소",,,에테르 장막·용천,"클래스 시너지-격파, 클래스 시너지-지원"
일반 공격: 최후의 심판,자오,일반공격,일반공격-차지,얼음 피해,"경직저항증가, 피해감소",,서릿발 게이지,에테르 장막·용천,
회피: 날쌘 토끼 걸음,자오,회피스킬,회피,-,무적판정,,,,
대시 공격: 깡총 대시,자오,회피스킬,대시공격,물리 피해,,,,,
회피 반격: 찰나의 섬광,자오,회피스킬,회피 반격,얼음 피해,"높은그로기배율, 무적판정",,,,
빠른 지원: 서리 폭발,자오,지원스킬,빠른 지원,얼음 피해,무적판정,,서릿발 게이지,에테르 장막·용천,
패링 지원: 차가운 빛의 반조,자오,지원스킬,패링 지원,-,"무적판정, 패링",,서릿발 게이지,에테르 장막·용천,
특수 스킬: 쇄빙의 한기,자오,특수스킬,특수스킬-탭,얼음 피해,HP소모,,,,
강화 특수 스킬: 얼어붙은 땅,자오,특수스킬,강화특수스킬-탭,얼음 피해,"무적판정, HP소모, 파티원 회복",에너지,서릿발 게이지,에테르 장막·용천,
콤보 스킬: 임시 협력,자오,콤보공격,콤보 스킬,얼음 피해,무적판정,,,에테르 장막·용천,
궁극기: 토끼 연참,자오,콤보공격,궁극기,얼음 피해,무적판정,데시벨,,에테르 장막·용천,
핵심 패시브: 최고의 동료,자오,핵심스킬,핵심 패시브,-,치명타확률증가,,,,
추가 능력: 진상 구명,자오,핵심스킬,추가 능력,-,"파티원 회복, 공격력증가, 관통률증가",,,에테르 장막·용천,"속성시너지-얼음, 진영시너지"
일반 공격: 고압 네일 슈팅,그레이스,일반공격,일반공격-탭,"물리 피해, 전기 피해",,,전력,
회피: 안전 조항,그레이스,회피스킬,회피,-,무적판정,,,,
대시 공격: 돌격 점검,그레이스,회피스킬,대시공격,물리 피해,,,,,
회피 반격: 규정 위반 처벌,그레이스,회피스킬,회피 반격,전기 피해,무적판정,,,,
회피 지원: 빠른 리스크 대응,그레이스,지원스킬,회피 지원,-,무적판정,,,,
지원 돌격: 전기침 반격,그레이스,지원스킬,지원 돌격,전기 피해,무적판정,,,,
강화 특수 스킬: (수류탄 투척),그레이스,특수스킬,강화특수스킬-탭,전기 피해,무적판정,에너지,,전력,
콤보 스킬: 건설 합작,그레이스,콤보공격,콤보 스킬,전기 피해,무적판정,,,,
궁극기: 철거 합작,그레이스,콤보공격,궁극기,전기 피해,무적판정,데시벨,,,
핵심 패시브: 프리 드라이버 격침,그레이스,핵심스킬,핵심 패시브,-,이상축적치증가,,,전력,
추가 능력: 기술 지원 부서,그레이스,핵심스킬,추가 능력,-,피해증가,,감전,, "속성시너지-전기, 진영시너지"
일반 공격: 바보 때리기,리나,일반공격,일반공격-탭,"물리 피해, 전기 피해",,,,드루실라,아나스타샤
회피: 치맛자락 정리,리나,회피스킬,회피,-,무적판정,,,,
대시 공격: 깜짝 서프라이즈,리나,회피스킬,대시공격,물리 피해,,,,드루실라,아나스타샤
회피 반격: 「Bangboo」 회생,리나,회피스킬,회피 반격,전기 피해,무적판정,,,,드루실라,아나스타샤
회피 지원: 세 박자의 쿠랑트,리나,지원스킬,회피 지원,-,무적판정,,,,
지원 돌격: 네 박자의 가보트,리나,지원스킬,지원 돌격,전기 피해,무적판정,,,,드루실라,아나스타샤
콤보 스킬: 시종의 수칙,리나,콤보공격,콤보 스킬,전기 피해,무적판정,,,빠른 지원,드루실라,아나스타샤
궁극기: 여왕의 시종들,리나,콤보공격,궁극기,전기 피해,"무적판정, 에너지 회복",,,빠른 지원,드루실라,아나스타샤
핵심 패시브: 미니 파괴 파트너,리나,핵심스킬,핵심 패시브,-,관통률증가,,,드루실라,아나스타샤
추가 능력: 기술 지원 부서,리나,핵심스킬,추가 능력,-,피해증가,,감전,, "속성시너지-전기, 진영시너지"
일반 공격: (일반연격),엔비,일반공격,일반공격-탭,"물리 피해, 전기 피해",,,,
일반 공격: 낙뢰,엔비,일반공격,일반공격-차지,전기 피해,그로기수치증가,,,파동 전압,
회피: 슬라이드 스텝,엔비,회피스킬,회피,-,무적판정,,,,
대시 공격: 아크 블라스트,엔비,회피스킬,대시공격,물리 피해,,,,,
회피 반격: 전광석화,엔비,회피스킬,회피 반격,전기 피해,무적판정,,,병렬 회로,
특수 스킬: 전광 베기,엔비,특수스킬,특수스킬-탭,전기 피해,,,,,
강화 특수 스킬: 창뢰 베기,엔비,특수스킬,강화특수스킬-탭,전기 피해,무적판정,에너지,,파동 전압,
콤보 스킬: 전자 엔진,엔비,콤보공격,콤보 스킬,전기 피해,무적판정,,,,
궁극기: 과부하 전압,엔비,콤보공격,궁극기,전기 피해,무적판정,데시벨,,,
핵심 패시브: 파동 전압,엔비,핵심스킬,핵심 패시브,-,그로기수치증가,,,파동 전압,
추가 능력: 병렬 회로,엔비,핵심스킬,추가 능력,-,에너지 회복,,,병렬 회로, "속성시너지-전기, 진영시너지"
일반 공격: (일반연격),앤톤,일반공격,일반공격-탭,물리 피해,,,,
일반 공격: 열정적인 근무 체조(폭발 상태),앤톤,일반공격,일반공격-특수,전기 피해,드릴 공격,에너지,폭발 상태,드릴 공격,
회피: 움직이자고,앤톤,회피스킬,회피,-,무적판정,,,,
대시 공격: 강경 대응,앤톤,회피스킬,대시공격,물리 피해,,,,,
회피 반격: 답례 펀치,앤톤,회피스킬,회피 반격,물리 피해,무적판정,,,,
회피 반격: 과부하 드릴(폭발 상태),앤톤,회피스킬,회피 반격-파생,전기 피해,"무적판정, 드릴 공격",,,드릴 공격,
특수 스킬: 연장 근무,앤톤,특수스킬,특수스킬-탭,물리 피해,,,,,
강화 특수 스킬: 전부 불태우자!,앤톤,특수스킬,강화특수스킬-탭,전기 피해,폭발 상태 진입,에너지,,폭발 상태,
콤보 스킬: 빙글빙글!,앤톤,콤보공격,콤보 스킬,전기 피해,"무적판정, 스파이크 공격",,,,스파이크 공격
궁극기: 한계 돌파 드릴,앤톤,콤보공격,궁극기,전기 피해,무적판정,데시벨,,,
핵심 패시브: 자이로 파워,앤톤,핵심스킬,핵심 패시브,-,피해증가,,,드릴 공격,스파이크 공격
추가 능력: 협동 작전,앤톤,핵심스킬,추가 능력,-,치명타확률증가,,,, "속성시너지-전기, 진영시너지"
일반 공격: 일살,청의,일반공격,일반공격-탭,"물리 피해, 전기 피해",,,,섬락전압
일반 공격: 취화월운전,청의,일반공격,일반공격-특수,전기 피해,"정복 부여, 무적판정",섬락전압,,정복,섬락전압
회피: 기러기가 남긴 소리,청의,회피스킬,회피,-,무적판정,,,,
대시 공격: 입파,청의,회피스킬,대시공격,물리 피해,,,,,
회피 반격: 다하지 못한 뜻,청의,회피스킬,회피 반격,전기 피해,무적판정,,,,
강화 특수 스킬: 달에 걸린 해당화,청의,특수스킬,강화특수스킬-탭,전기 피해,무적판정,에너지,,,
콤보 스킬: 태평령,청의,콤보공격,콤보 스킬,전기 피해,"무적판정, 정복 비례 피해증가",,,,정복
궁극기: 팔환의 조화,청의,콤보공격,궁극기,전기 피해,무적판정,데시벨,,,
핵심 패시브: 천추의 세월,청의,핵심스킬,핵심 패시브,-,그로기약체화배율증가,,,정복,
추가 능력: 양관삼첩,청의,핵심스킬,추가 능력,-,"그로기수치증가, 공격력증가",,,,, "속성시너지-전기, 진영시너지"
일반 공격: 억제 격파,세스,일반공격,일반공격-탭,물리 피해,,,,
일반 공격: 뇌정 참격-감전,세스,일반공격,일반공격-특수,전기 피해,실드 전이,,,빠른 지원,굳건한 방패
회피: 장애물 회피,세스,회피스킬,회피,-,무적판정,,,,
대시 공격: 전광 기습,세스,회피스킬,대시공격,물리 피해,피해감소,,,,
회피 반격: 전진을 위한 후퇴,세스,회피스킬,회피 반격,전기 피해,무적판정,,,,
패링 지원: 치안 판결,세스,지원스킬,패링 지원,전기 피해,무적판정,,,빠른 지원,
강화 특수 스킬: 전광 방패 돌격-고압,세스,특수스킬,강화특수스킬-탭,전기 피해,무적판정,에너지,기합,굳건한 방패,
콤보 스킬: 최종 제재,세스,콤보공격,콤보 스킬,전기 피해,무적판정,,기합,,
궁극기: 정의는 반드시 승리한다,세스,콤보공격,궁극기,전기 피해,무적판정,데시벨,기합,,
핵심 패시브: 수호자,세스,핵심스킬,핵심 패시브,-,이상마스터리증가,,,굳건한 방패,
추가 능력: 왕성한 기합,세스,핵심스킬,추가 능력,-,속성축적저항감소,,,,, "속성시너지-전기, 진영시너지"
무념무상,하루마사,일반공격,일반공격-탭,"물리 피해, 전기 피해",,,,전기 큐브,
찰나,하루마사,회피스킬,회피,-,무적판정,,,,
비상하는 활시위,하루마사,회피스킬,대시공격,물리 피해,,,,,
은신한 여우,하루마사,회피스킬,회피 반격,전기 속성 피해,"무적판정, 높은그로기배율",,,,
동전 뒤집기,하루마사,지원스킬,빠른 지원,-,무적판정,,,,
소용돌이 날개,하루마사,지원스킬,패링 지원,-,"무적판정, 패링",,,,
일진광풍,하루마사,지원스킬,지원 돌격,전기 피해,무적판정,,,,
천라,하루마사,특수스킬,특수스킬-탭,전기 피해,경직저항증가,,,,
천지개벽,하루마사,특수스킬,강화특수스킬-탭,전기 피해,무적판정,에너지,,,
만남·이별,하루마사,콤보공격,콤보 스킬,전기 피해,무적판정,,,전기 큐브,
삼라만상,하루마사,콤보공격,궁극기,전기 피해,무적판정,데시벨,,전기 큐브,
여명,하루마사,핵심스킬,핵심 패시브,-,치명타확률증가,,,예기,심안
오버클럭,하루마사,핵심스킬,추가 능력,-,피해증가,,,전기 감옥,"속성시너지-전기, 진영시너지"
달의 신에게 바치는 가무,야나기,일반공격,일반공격-탭,"물리 피해, 전기 피해",,,,상현달,
흐르는 안개,야나기,회피스킬,회피,-,무적판정,,,,
우아한 참격,야나기,지원스킬,빠른 지원,전기 피해,무적판정,,,,
달빛 반격,야나기,지원스킬,패링 지원,-,"무적판정, 패링",,,,
흩날리는 칼,야나기,지원스킬,지원 돌격,전기 피해,무적판정,,,하현달,
변천,야나기,특수스킬,특수스킬-탭,전기 피해,,,,,
달빛의 변천,야나기,특수스킬,강화특수스킬-탭,전기 피해,"무적판정, 극성 혼돈",에너지,,삼라만상,
별과 달과 함께,야나기,콤보공격,콤보 스킬,전기 피해,무적판정,,,,
번쩍이는 번개의 그림자,야나기,콤보공격,궁극기,전기 피해,"무적판정, 극성 혼돈",데시벨,,,
월식,야나기,핵심스킬,핵심 패시브,-,전기 속성 피해증가,,,월식,
달의 위상,야나기,핵심스킬,추가 능력,-,속성이상축적효율증가,,,, "속성시너지-전기, 진영시너지"
꿰뚫는 전격,0호·엔비,일반공격,일반공격-탭,물리 피해,,,,별빛 천둥,
섬전,0호·엔비,회피스킬,회피,전기 피해,무적판정,,,,
운간 방전,0호·엔비,지원스킬,빠른 지원,전기 피해,무적판정,,,,
역극성 반격,0호·엔비,지원스킬,패링 지원,-,"무적판정, 패링",,,,
벽력 돌진,0호·엔비,지원스킬,지원 돌격,전기 피해,무적판정,,,,
별빛 천둥,0호·엔비,특수스킬,특수스킬-탭,전기 피해,,,,,
하늘을 가르는 번개,0호·엔비,특수스킬,강화특수스킬-탭,전기 피해,무적판정,에너지,,,
치닫는 낙뢰,0호·엔비,콤보공격,콤보 스킬,전기 피해,무적판정,,,,
창공을 베는 전광,0호·엔비,콤보공격,궁극기,전기 피해,무적판정,데시벨,,뇌명,
전위차,0호·엔비,핵심스킬,핵심 패시브,-,피해증가,,,은빛 별,여진 공격
유전분극,0호·엔비,핵심스킬,추가 능력,-,치명타확률증가,,,백뢰,"속성시너지-전기, 진영시너지"
콜드 보어·사격,트리거,일반공격,일반공격-탭,"물리 피해, 전기 피해",,,,저격 자세,
소리 없는 저격,트리거,일반공격,일반공격-홀드,전기 피해,,결의,,,
저격의 협주,트리거,일반공격,일반공격-패시브,전기 피해,여진 공격,결의,,,
콜드 보어·도주,트리거,회피스킬,회피,-,무적판정,,,,
콜드 보어·반발,트리거,회피스킬,회피 반격,전기 피해,무적판정,,,,
콜드 보어·구원,트리거,지원스킬,빠른 지원,전기 피해,무적판정,,,,
콜드 보어·경계,트리거,지원스킬,패링 지원,-,"무적판정, 패링",,,,
콜드 보어·가속,트리거,지원스킬,지원 돌격,전기 피해,무적판정,,,,
콜드 보어·섬광,트리거,특수스킬,특수스킬-탭,전기 피해,,,,,
콜드 보어·꽃의 장례,트리거,특수스킬,강화특수스킬-탭,전기 피해,무적판정,에너지,,결의,
스틱스의 인도,트리거,콤보공격,콤보 스킬,전기 피해,무적판정,,,결의,
저승의 만가,트리거,콤보공격,궁극기,전기 피해,무적판정,데시벨,,결의,
허를 찌르는 눈동자,트리거,핵심스킬,핵심 패시브,-,그로기수치증가,,,여진 공격,
은빛 등과 영안,트리거,핵심스킬,추가 능력,-,피해증가,,,, "속성시너지-전기, 진영시너지"
국화꽃의 윤무,시드,일반공격,일반공격-탭,"물리 피해, 전기 피해",,,,강철 에너지,
낙화·도륙,시드,일반공격,일반공격-홀드,전기 피해,,강철 에너지,,,
낙화·붕괴,시드,일반공격,일반공격-패시브,전기 피해,,,,,
꽃입 위를 노닐다,시드,회피스킬,회피,-,무적판정,,,,
겨울 국화의 차가운 향기,시드,회피스킬,회피 반격,전기 피해,무적판정,,,,
한겨울의 위로,시드,지원스킬,빠른 지원,전기 피해,무적판정,,,,
휘날리는 소매,시드,지원스킬,패링 지원,-,"무적판정, 패링",,,,
눈 속의 붉은 매화,시드,지원스킬,지원 돌격,전기 피해,무적판정,,,,
흩날리는 꽃잎,시드,특수스킬,특수스킬-탭,전기 피해,,,,,
강철 꽃잎과 비의 장막,시드,특수스킬,강화특수스킬-탭,전기 피해,무적판정,에너지,,,
만개한 들국화,시드,콤보공격,콤보 스킬,전기 피해,무적판정,,,,
세상에 피어난 악의 꽃,시드,콤보공격,궁극기,전기 피해,무적판정,데시벨,,강철 에너지,
피어나는 본성,시드,핵심스킬,핵심 패시브,-,공격력증가,,,강습,정공,포위
전장 지배,시드,핵심스킬,추가 능력,-,피해증가,,,, "속성시너지-전기, 진영시너지"
교활한 토끼 연타,니콜 데마라,일반공격,일반공격-탭,물리 피해,,,,,
내 맘대로,니콜 데마라,일반공격,일반공격-특수,에테르 피해,높은그로기배율,,,장전,
달아나는 토끼,니콜 데마라,회피스킬,회피,-,무적판정,,,,
견제 포격,니콜 데마라,회피스킬,회피 반격,에테르 피해,무적판정,,,,
응급 포격,니콜 데마라,지원스킬,빠른 지원,에테르 피해,에너지장,,,,
교활한 토끼 출동!,니콜 데마라,지원스킬,패링 지원,-,"무적판정, 패링",,,,
기회다,니콜 데마라,지원스킬,지원 돌격,에테르 피해,무적판정,,,,
사탕발림 포탄,니콜 데마라,특수스킬,특수스킬-탭,에테르 피해,,,,,
빵빵한 사탕발림 포탄,니콜 데마라,특수스킬,강화특수스킬-탭,에테르 피해,"무적판정, 에너지장",에너지,,,
고가 에테르 폭탄,니콜 데마라,콤보공격,콤보 스킬,에테르 피해,"무적판정, 에너지장",,,,
특제 에테르 폭탄,니콜 데마라,콤보공격,궁극기,에테르 피해,"무적판정, 에너지장",데시벨,,,
정밀 조율,니콜 데마라,핵심스킬,핵심 패시브,-,방어력무시,,,에너지장,
토끼굴의 수장,니콜 데마라,핵심스킬,추가 능력,-,지속시간연장,,,, "속성시너지-에테르, 진영시너지"
꼼짝 마!(돌격),주연,일반공격,일반공격-탭,물리 피해,,,,강화 산탄,
꼼짝 마!(제압),주연,일반공격,일반공격-홀드,에테르 피해,,강화 산탄,,,
우회,주연,회피스킬,회피,-,무적판정,,,,
전략적 억제,주연,회피스킬,회피 반격,에테르 피해,무적판정,,,,
엄호 사격,주연,지원스킬,빠른 지원,에테르 피해,,,,
경계 지원,주연,지원스킬,패링 지원,-,"무적판정, 패링",,,,
보복 사격,주연,지원스킬,지원 돌격,에테르 피해,무적판정,,,강화 산탄,
징벌탄,주연,특수스킬,특수스킬-탭,물리 피해,,,,강화 산탄,
저발 고수압탄,주연,특수스킬,강화특수스킬-탭,에테르 피해,무적판정,에너지,,강화 산탄,
특수 작전: 소탕 방식,주연,콤보공격,콤보 스킬,에테르 피해,무적판정,,,강화 산탄,
특수 작전: 전멸 공습,주연,콤보공격,궁극기,에테르 피해,무적판정,데시벨,,강화 산탄,
정교한 탄약,주연,핵심스킬,핵심 패시브,-,피해증가,,,강화 산탄,제압 모드
현장 연계,주연,핵심스킬,추가 능력,-,치명타확률증가,,,, "속성시너지-에테르, 진영시너지"
<카프리치오>,아스트라,일반공격,일반공격-탭,에테르 피해,,,,,
<트레몰로>,아스트라,일반공격,일반공격-홀드,에테르 피해,,트레몰로,,,
피날레,아스트라,일반공격,일반공격-특수,에테르 피해,피해량버프,,톤 클러스터,아이들릭 카덴차,
<미니 왈츠>,아스트라,회피스킬,회피,-,무적판정,,,,
<엄브렐라 왈츠>,아스트라,회피스킬,회피 반격,에테르 피해,무적판정,,,,
<하늘을 수놓은 불꽃>,아스트라,지원스킬,빠른 지원,에테르 피해,,,,
<두 사람의 마음>,아스트라,지원스킬,패링 지원,-,"무적판정, 패링",,,,
<삼생을 거친 첫 만남>,아스트라,지원스킬,지원 돌격,에테르 피해,무적판정,,,,
<풍령과 오랜 약속>,아스트라,특수스킬,특수스킬-탭,에테르 피해,,,,,
<아이들릭 카덴차>,아스트라,특수스킬,강화특수스킬-탭,에테르 피해,무적판정,에너지,,아이들릭 카덴차,
<취중 협주곡>,아스트라,콤보공격,콤보 스킬,에테르 피해,무적판정,,,,
<환상 소나타〉,아스트라,콤보공격,궁극기,에테르 피해,무적판정,데시벨,,아이들릭 카덴차,
<안단테 칸타빌레〉,아스트라,핵심스킬,핵심 패시브,-,치명타피해증가,,,피날레,
<달빛 아래 난무〉,아스트라,핵심스킬,추가 능력,-,피해증가,,,, "속성시너지-에테르, 진영시너지"
깃털의 쓸림,비비안,일반공격,일반공격-탭,"물리 피해, 에테르 피해",,,,비상의 깃,
숙녀의 예법·스텝,비비안,일반공격,일반공격-홀드,에테르 피해,무적판정,,,비상의 깃,
떠오르는 치맛자락·낙하,비비안,일반공격,일반공격-특수,에테르 피해,무적판정,,수호의 깃,수호의 깃,
흩날리는 깃과 꽃,비비안,일반공격,일반공격-패시브,에테르 피해,,,수호의 깃,수호의 깃,
유광,비비안,회피스킬,회피,-,무적판정,,,,
은색 가시의 무곡,비비안,회피스킬,대시공격,물리 피해,,,,,
깃날의 반동,비비안,회피스킬,회피 반격,물리 피해,무적판정,,,비상의 깃,
숙녀의 슬라이딩 스텝,비비안,회피스킬,회피-특수,-,무적판정,,,,
늠름한 깃털의 수호,비비안,지원스킬,빠른 지원,"물리 피해, 에테르 피해",무적판정,,,비상의 깃,
은빛 양산 대열,비비안,지원스킬,패링 지원,-,"무적판정, 패링",,,,
심판의 깃날,비비안,지원스킬,지원 돌격,에테르 피해,,,,,
은색 깃털의 노래,비비안,특수스킬,특수스킬-탭,"물리 피해, 에테르 피해",,,,,
제비꽃의 애도,비비안,특수스킬,강화특수스킬-탭,에테르 피해,무적판정,에너지,,비상의 깃,
별과 깃털의 화음,비비안,콤보공격,콤보 스킬,에테르 피해,무적판정,,,,
비조의 송가,비비안,콤보공격,궁극기,에테르 피해,무적판정,데시벨,,비상의 깃,
운명의 비가,비비안,핵심스킬,핵심 패시브,-,속성이상피해증가,,,난개,비비안의 예언
예언의 눈물,비비안,핵심스킬,추가 능력,-,피해증가,,,, "속성시너지-에테르, 진영시너지"
운소의 형태,의현,일반공격,일반공격-탭,에테르 피해,경직저항증가,,,,
드리우는 먹빛 구름,의현,일반공격,일반공격-홀드,에테르 피해,경직저항증가,,,,
현묵진법,의현,일반공격,특수연계,에테르 피해,"무적판정, 기운회복",현묵,,현묵,
청명의 뇌동,의현,회피스킬,대시공격,에테르 피해,,,,,
은무 은신법,의현,회피스킬,회피,-,무적판정,,,,
맑은 하늘과의 동행,의현,회피스킬,극한 회피,-,무적판정,,,,
가랑비의 흔적,의현,회피스킬,회피 반격,에테르 피해,무적판정,,,,
하늘을 찌르는 기세,의현,회피스킬,대시공격,에테르 피해,,,,,
유운의 그림자,의현,지원스킬,빠른 지원,에테르 피해,무적판정,,,,
청천의 경지,의현,지원스킬,패링 지원,-,"무적판정, 패링",,,,
천상의 공세,의현,지원스킬,지원 돌격,에테르 피해,무적판정,,,,
잿빛 그림자의 비전,의현,특수스킬,특수스킬-탭,에테르 피해,경직저항증가,,,,
먹빛 흔적의 형체,의현,특수스킬,강화특수스킬-차지,에테르 피해,"무적판정, 가드",기운,,술법,
짙은 구름의 술,의현,특수스킬,강화특수스킬,에테르 피해,무적판정,에너지,,,
먹과 함께 사라져라,의현,특수스킬,강화특수스킬-연계,에테르 피해,무적판정,에너지,,,
현묵 속공,의현,콤보공격,콤보 스킬,에테르 피해,무적판정,,,,
청명과 운영,의현,콤보공격,궁극기,에테르 피해,"무적판정, 파티 HP 균등 분배",데시벨,,,
천 겹의 부적,의현,콤보공격,궁극기-추가,에테르 피해,무적판정,술법,,현묵,
핵심 패시브: 술법의 대가,의현,핵심스킬,핵심 패시브,-,피해증가,,,현묵,술법
추가 능력: 일렁이는 현묵,의현,핵심스킬,추가 능력,-,"치명타피해증가, 기운회복",,,정신 집중,"클래스 시너지-격파, 클래스 시너지-지원, 클래스 시너지-방어"
일반 공격: 별 궤적 콤보,루시아,일반공격,일반공격-탭,에테르 피해,단상 발동 가능,,,단상,
회피: 고요한 항해,루시아,회피스킬,회피,-,무적판정,,,,
찰나의 흔적,루시아,회피스킬,회피 반격,에테르 피해,"무적판정, 단상 진입",,,,
빠른 지원: 짙은 안개 강공격,루시아,지원스킬,빠른 지원,에테르 피해,무적판정,,,,
환몽의 소리,루시아,지원스킬,패링 지원,에테르 피해,"무적판정, 적 밀치기",,,,
지원 돌격: 그림자 잔향,루시아,지원스킬,지원 돌격,에테르 피해,"무적판정, 에너지 회복",,,,
특수 공격: 찰나의 전조,루시아,특수스킬,특수스킬-탭,에테르 피해,,,,,
강화 특수 공격: 환영의 무도,루시아,특수스킬,강화특수스킬-탭,에테르 피해,"무적판정, 꿈세계 진입",에너지,,꿈세계,
연계기: 영원한 안식,루시아,콤보공격,콤보 스킬,에테르 피해,"무적판정, 꿈세계 게이지 회복",,,꿈세계 게이지,
궁극기: 종언의 자장가,루시아,콤보공격,궁극기,에테르 피해,"무적판정, 에테르 피해량 증가",데시벨,,,
핵심 패시브: 꿈의 선율,루시아,핵심스킬,핵심 패시브,-,"에테르 피해 증가, 관통력 증가",,,꿈세계,에테르 침식
추가 능력: (불명),루시아,핵심스킬,추가 능력,-,,,,,"클래스 시너지-명파, 클래스 시너지-격파"
일반 공격: 절대 음감,아리아,일반공격,일반공격-탭,에테르 피해,,,,
특수 스킬: 달콤한 일렉트로니카,아리아,특수스킬,특수스킬-탭,에테르 피해,변주 버전,,,,
강화 특수 스킬: 망상에 빠지다,아리아,특수스킬,강화특수스킬-탭,에테르 피해,무적판정,에너지,,,
강화 특수 스킬: 빛의 속도로 입덕,아리아,특수스킬,강화특수스킬-파생,에테르 피해,무적판정,에너지,,,
연계 스킬: 꿈의 콜라보,아리아,콤보공격,콤보 스킬,에테르 피해,"무적판정, 합동 모션",,,합동 모션,AOD 진영
궁극기: 에너지 100%,아리아,콤보공격,궁극기,에테르 피해,"무적판정, 진 스탠스 진입",데시벨,,진 스탠스,
강화 일반 공격 (진 스탠스),아리아,일반공격,일반공격-특수,에테르 피해,본모습 전용 모션,스택,,진 스탠스,
핵심 패시브: 무대를 뒤집는 핵심,아리아,핵심스킬,핵심 패시브,-,에테르 피해 증가,,,진 스탠스,
추가 능력: 우리의 무대,아리아,핵심스킬,추가 능력,-,"에테르 피해 증가, 이상 축적 효율 증가",,,, "속성시너지-에테르, 진영시너지"
일반 공격: 유성 스텝,남궁우,일반공격,일반공격-탭,에테르 피해,,,,
회피: 타고난 댄서,남궁우,회피스킬,회피,-,무적판정,,,,
대시 공격: 회전하는 유성,남궁우,회피스킬,회피-공격,에테르 피해,,,,
회피 반격: 유성 왈츠,남궁우,회피스킬,회피-반격,에테르 피해,무적판정,,,,
특수 공격: 반짝이는 리듬,남궁우,특수스킬,특수스킬-탭,에테르 피해,,,,
강화 특수 공격: 소원을 빌어봐,남궁우,특수스킬,강화특수스킬-탭,에테르 피해,"무적판정, 그로기 수치 대량 누적",에너지,,,,
강화 특수 공격: 상당히 무거운 애정,남궁우,특수스킬,강화특수스킬-파생,에테르 피해,"무적판정, 중력 메커니즘",에너지,,,중력,
연계 공격: 환상의 무대,남궁우,콤보공격,콤보 스킬,에테르 피해,무적판정,,,,
연계 공격: 혜성 인력,남궁우,콤보공격,콤보 스킬-파생,에테르 피해,무적판정,중력,,,혜성 인력,
궁극기: 유성우의 전설,남궁우,콤보공격,궁극기,에테르 피해,무적판정,데시벨,,,유성우,
패링 지원: 완벽한 춤,남궁우,지원스킬,패링 지원,에테르 피해,"패링, 지원 포인트 소모 감소",,,지원 포인트,
