이름,ZZZ 에이전트,대분류,소분류,피해유형,부가효과,전용 자원,적 디버프,시너지
기본공격: 바람꽃,미야비,일반공격,기본공격,"물리, 얼음",가드판정,,,
차지공격: 서리와 달,미야비,일반공격,차지공격,얼음,"무적판정, 서리와 달 자세 진입",내리는 서리,,서리와 달 자세
회피: 물새,미야비,회피스킬,회피,,무적판정,,,
대시공격: 겨울 벌,미야비,회피스킬,대시공격,물리,,,,
회피반격: 겨울 참새,미야비,회피스킬,회피반격,얼음,무적판정,,,
빠른지원: 꽃소식을 알리는 바람,미야비,지원스킬,빠른지원,얼음,"무적판정, 빠른지원",,,
패링지원: 꽃의 뗏목,미야비,지원스킬,패링지원,,"무적판정, 패링, 높은그로기배율",,,
지원돌격: 작별하는 꽃,미야비,지원스킬,지원돌격,얼음,무적판정,,,
특수스킬: 깊이 쌓인 눈,미야비,특수스킬,특수스킬,얼음,경직저항증가,,,
강화특수스킬: 흩날리는 눈,미야비,특수스킬,강화특수스킬,얼음,"무적판정, 내리는 서리 획득",,,
콤보스킬: 봄이 온다,미야비,콤보공격,콤보스킬,얼음,무적판정,,,
궁극기: 잔설,미야비,궁극기,궁극기,얼음,"무적판정, 내리는 서리 획득, 얼음 속성 피해증가",,,
핵심패시브: 서늘한 불꽃,미야비,핵심스킬,핵심패시브,얼음,"이상축적효율증가, 파티원이상축적효율증가, 이상마스터리증가, 내리는 서리 획득",,"빙염, 서리열",서리와 달 자세
추가능력: 함께 맞는 눈서리,미야비,핵심스킬,추가능력,,"피해증가, 얼음 속성 피해저항감소, 내리는 서리 획득",,,"클래스 시너지-지원, 진영시너지, 서리와 달 자세, 혼돈"
기본공격: 고압 화기,오피,일반공격,기본공격,"물리, 불",여진 공격,,,
회피: 일렁이는 불빛,오피,회피스킬,회피,,무적판정,,,
대시공격: 기습 명령,오피,회피스킬,대시공격,물리,,,,
회피반격: 반격의 기회,오피,회피스킬,회피반격,"물리, 불",무적판정,,,
빠른지원: 그을린 참격,오피,지원스킬,빠른지원,"물리, 불","무적판정, 빠른지원",,,
패링지원: 작열하는 총검,오피,지원스킬,패링지원,,"무적판정, 패링, 높은그로기배율",,,
지원돌격: 끓어오르는 관통,오피,지원스킬,지원돌격,불,무적판정,,,
특수스킬: 뜨거운 피의 범람,오피,특수스킬,특수스킬,불,경직저항증가,,,
강화특수스킬: 부식의 섬광,오피,특수스킬,강화특수스킬,불,"오프필드 발동, 여진 공격, 응축열 획득",,,
강화특수스킬: 발밑 조심,오피,특수스킬,강화특수스킬,불,"무적판정, 여진 공격, 응축열 획득",,,
강화특수스킬: 적홍의 소용돌이,오피,특수스킬,강화특수스킬,불,"무적판정, 오프필드 발동, 여진 공격, 응축열 획득",,,
강화특수스킬: 응축된 열에너지,오피,특수스킬,강화특수스킬,불,"빠른지원, 패링, 경직저항증가, 받는피해감소, 무적판정, 여진 공격",응축열,,
강화특수스킬: 열화 분출,오피,특수스킬,강화특수스킬,불,"무적판정, 여진 공격",,,
콤보스킬: 과열된 총열,오피,콤보공격,콤보스킬,불,"무적판정, 여진 공격, 응축열 획득",,,
궁극기: 화염과 함께 춤을,오피,궁극기,궁극기,불,"무적판정, 빠른지원, 여진 공격, 응축열 획득",,,
핵심패시브: 바람과 불을 거느린 자,오피,핵심스킬,핵심패시브,,"치명타확률증가, 파티공격력증가, 오프필드 발동, 응축열 획득",,,"여진 공격, 정조준"
추가능력: 용광로가 빚어낸 것,오피,핵심스킬,추가능력,,"방어력무시, 파티원피해증가, 불 속성 피해저항감소",,,"클래스 시너지-격파, 클래스 시너지-지원, 여진 공격, 정조준"
기본공격: 냥냥 할퀴기,네코미야,일반공격,기본공격,물리,,,,
차지공격: 적색 칼날,네코미야,일반공격,차지공격,물리,,,,
회피: 안 맞지옹~,네코미야,회피스킬,회피,,무적판정,,,
대시공격: 어디 보는 거냐?,네코미야,회피스킬,대시공격,물리,,,,
회피반격: 허영의 발톱,네코미야,회피스킬,회피반격,물리,무적판정,,,
빠른지원: 발톱 좀 빌릴게,네코미야,지원스킬,빠른지원,물리,"무적판정, 빠른지원",,,
패링지원: 스트레스 방어,네코미야,지원스킬,패링지원,,"무적판정, 패링, 높은그로기배율",,,
지원돌격: 재빠른 그림자,네코미야,지원스킬,지원돌격,물리,무적판정,,,
특수스킬: 기습,네코미야,특수스킬,특수스킬,물리,경직저항증가,,,
강화특수스킬: 앙~칼진 기습!,네코미야,특수스킬,강화특수스킬,물리,무적판정,,,
콤보스킬: 발톱 휘두르기,네코미야,콤보공격,콤보스킬,물리,무적판정,,,
궁극기: 발톱 강습,네코미야,궁극기,궁극기,물리,무적판정,,,
핵심패시브: 살금살금 고양이 걸음,네코미야,핵심스킬,핵심패시브,,피해증가,,,
추가능력: 캣워크,네코미야,핵심스킬,추가능력,,강화특수스킬피해증가,,,"속성시너지-물리, 진영시너지, 강타"
기본공격: 청소 시작,코린,일반공격,기본공격,물리,,,,
회피: [벗어나기],코린,회피스킬,회피,,무적판정,,,
대시공격: [끊기],코린,회피스킬,대시공격,물리,,,,
회피반격: [버리기],코린,회피스킬,회피반격,물리,무적판정,,,
빠른지원: 긴급 조치,코린,지원스킬,빠른지원,물리,"무적판정, 빠른지원",,,
패링지원: 제 제가 할게요!,코린,지원스킬,패링지원,,"무적판정, 패링, 높은그로기배율, 지원 포인트 소모 감소",,,
지원돌격: 빠른 청소,코린,지원스킬,지원돌격,물리,무적판정,,,
특수스킬: 초강력 청소,코린,특수스킬,특수스킬,물리,"경직저항증가, 받는피해감소",,,
강화특수스킬: 치맛자락 조심하세요,코린,특수스킬,강화특수스킬,물리,"무적판정, 경직저항증가, 받는피해감소",,,
콤보스킬: 죄송해요…,코린,콤보공격,콤보스킬,물리,무적판정,,,
궁극기: 진 진짜 죄송해요!,코린,궁극기,궁극기,물리,무적판정,,,
핵심패시브: 집중,코린,핵심스킬,핵심패시브,,피해증가,,,
추가능력: 청소 도우미,코린,핵심스킬,추가능력,,피해증가,,,"속성시너지-물리, 진영시너지"
일반공격: 화력 전개,빌리,일반공격,기본공격,물리,,,,
회피: 아슬아슬했어,빌리,회피스킬,회피,,무적판정,,,
대시공격: 별-빛-제-재,빌리,회피스킬,대시공격,물리,,,,
회피반격: 공평한 결투,빌리,회피스킬,회피반격,물리,무적판정,,,
빠른지원: 스타라이트-파트너의 힘,빌리,지원스킬,빠른지원,물리,"무적판정, 빠른지원",,,
패링지원: 플래시 스텝,빌리,지원스킬,패링지원,,"무적판정, 패링",,,
지원돌격: 급소 사격,빌리,지원스킬,지원돌격,물리,무적판정,,,
특수스킬: 얌전히 있어,빌리,특수스킬,특수스킬,물리,경직저항증가,,,
강화특수스킬: 스위퍼 타임,빌리,특수스킬,강화특수스킬,물리,무적판정,,,
콤보스킬: 스타라이트 영광의 환영,빌리,콤보공격,콤보스킬,물리,무적판정,,,
궁극기: 스타라이트 여기서 반짝인다!,빌리,궁극기,궁극기,물리,무적판정,,,
핵심패시브: 안정 사격,빌리,핵심스킬,핵심패시브,,피해증가,,,
추가능력: 기사 클랜,빌리,핵심스킬,추가능력,,궁극기피해증가,,,"속성시너지-물리, 진영시너지"
일반공격: 운전 준비,파이퍼,일반공격,기본공격,물리,,,,
회피: 핸드 브레이크 드리프트,파이퍼,회피스킬,회피,,무적판정,,,
대시공격: 가속 페달,파이퍼,회피스킬,대시공격,물리,,,,
회피반격: 파워 드리프트,파이퍼,회피스킬,회피반격,물리,무적판정,,,
빠른지원: 탭 브레이크,파이퍼,지원스킬,빠른지원,물리,"무적판정, 빠른지원",,,
패링지원: 급브레이크,파이퍼,지원스킬,패링지원,,"무적판정, 패링, 높은그로기배율, 지원 포인트 소모 감소",,,
지원돌격: 코너 추월,파이퍼,지원스킬,지원돌격,물리,무적판정,,,
특수스킬: 타이어 스핀,파이퍼,특수스킬,특수스킬,물리,"경직저항증가, 받는피해감소",,,
강화특수스킬: 아주 무거워,파이퍼,특수스킬,강화특수스킬,물리,무적판정,,,
강화특수스킬: 엔진 스핀,파이퍼,특수스킬,강화특수스킬,물리,"경직저항증가, 받는피해감소",,,
강화특수스킬: 아주아주 무거워,파이퍼,특수스킬,강화특수스킬,물리,무적판정,,,
콤보스킬: 안전벨트는 필수,파이퍼,콤보공격,콤보스킬,물리,무적판정,,,
궁극기: 꽉~ 잡아~,파이퍼,궁극기,궁극기,물리,무적판정,,,
핵심패시브: 파워 차지,파이퍼,핵심스킬,핵심패시브,,"이상축적효율증가, 동력 획득",,,
추가능력: 함께 질주하자,파이퍼,핵심스킬,추가능력,,파티원피해증가,,,"속성시너지-물리, 진영시너지, 동력"
기본공격: 춤추는 칼날,제인,일반공격,기본공격,물리,,,,
강화차지공격: 살코 점프,제인,일반공격,강화차지공격,물리,"경직저항증가, 받는피해감소, 무적판정, 열광적 몰입 획득",,,열광적몰입
회피: 잔영,제인,회피스킬,회피,,무적판정,,,
대시공격: 에지 점프,제인,회피스킬,대시공격,물리,,,,
회피반격: 허상 찌르기,제인,회피스킬,회피반격,물리,,,,열광적몰입
회피반격: 재빠른 그림자,제인,회피스킬,회피반격,물리,무적판정,,,
회피반격: 재빠른 그림자의 춤,제인,회피스킬,회피반격,물리,무적판정,,,열광적몰입
빠른지원: 검은 가시,제인,지원스킬,빠른지원,물리,"무적판정, 빠른지원",,,
빠른지원: 루츠 점프,제인,지원스킬,빠른지원,물리,무적판정,,,열광적몰입
패링지원: 마지막 방어선,제인,지원스킬,패링지원,,"무적판정, 패링, 높은그로기배율",,,
지원돌격: 돌풍 휩쓸기,제인,지원스킬,지원돌격,물리,무적판정,,,
특수스킬: 공중 도약,제인,특수스킬,특수스킬,물리,경직저항증가,,,
강화특수스킬: 공중 도약-휩쓸기,제인,특수스킬,강화특수스킬,물리,무적판정,,,
콤보스킬: 죄악의 꽃,제인,콤보공격,콤보스킬,물리,"무적판정, 열광 상태 진입, 열광적 몰입 획득",,,열광적몰입
궁극기: 피날레,제인,궁극기,궁극기,물리,"무적판정, 열광 상태 진입, 열광적 몰입 획득",,,열광적몰입
핵심패시브: 통찰,제인,핵심스킬,핵심패시브,,"치명타확률증가, 이상마스터리증가",,갉힘,강타
추가능력: 통점,제인,핵심스킬,추가능력,,"이상축적효율증가, 피해증가",,,"클래스 시너지-이상, 진영시너지, 열광적몰입"
기본공격: 광란의 타격,카이사르,일반공격,기본공격,물리,,,,
차지공격: 통행금지!,카이사르,일반공격,차지공격,물리,무적판정,,,
회피: 드리프트,카이사르,회피스킬,회피,,무적판정,,,
대시공격: 저돌맹진,카이사르,회피스킬,대시공격,물리,"받는피해감소, 가드판정",,,
회피반격: 눈에는 눈 이에는 이,카이사르,회피스킬,회피반격,물리,무적판정,,,
빠른지원: 차선 변경,카이사르,지원스킬,빠른지원,물리,"무적판정, 빠른지원",,,
패링지원: 수호의 방패,카이사르,지원스킬,패링지원,,"무적판정, 패링, 높은그로기배율, 지원 포인트 소모 감소",,,
지원돌격: 지원의 선봉,카이사르,지원스킬,지원돌격,물리,무적판정,,,
특수스킬: 뒤흔드는 방패,카이사르,특수스킬,특수스킬,물리,"패링, 받는피해감소, 무적판정",,,
강화특수스킬: 굉음의 직격,카이사르,특수스킬,강화특수스킬,물리,"경직저항증가, 무적판정",,,
강화특수스킬: 패링 반격,카이사르,특수스킬,강화특수스킬,물리,"무적판정, 패링, 받는피해감소",,,
강화특수스킬: 초강력 방패 공격,카이사르,특수스킬,강화특수스킬,물리,"무적판정, 패링",,,
콤보스킬: 난폭운전,카이사르,콤보공격,콤보스킬,물리,무적판정,,,
궁극기: 폭군의 맹격,카이사르,궁극기,궁극기,물리,"무적판정, 그로기수치증가",,,
핵심패시브: 강인한 벽,카이사르,핵심스킬,핵심패시브,,"파티원 실드, 파티공격력증가, 파티경직저항증가",,,
추가능력: 치솟는 전의,카이사르,핵심스킬,추가능력,,파티원피해증가,,"적 받는피해 증가","지원스킬시너지-패링지원, 진영시너지"
기본공격: 민첩한 타격,펄크라,일반공격,기본공격,물리,,,,
차지공격: 도약 타격,펄크라,일반공격,차지공격,물리,,,,
회피: 직립 반사,펄크라,회피스킬,회피,,무적판정,,,
대시공격: 선제공격의 이점,펄크라,회피스킬,대시공격,물리,,,,
회피반격: 철저한 보복,펄크라,회피스킬,회피반격,물리,무적판정,,,
빠른지원: 고용계약·경호 업무,펄크라,지원스킬,빠른지원,물리,"무적판정, 빠른지원",,,
패링지원: 고용계약·외주 작전,펄크라,지원스킬,패링지원,,"무적판정, 패링",,,
지원돌격: 별도 요금,펄크라,지원스킬,지원돌격,물리,"무적판정, 사냥꾼의 걸음 진입",,,사냥꾼의 걸음
특수스킬: 포식의 발톱,펄크라,특수스킬,특수스킬,물리,경직저항증가,,,
강화특수스킬: 포식의 발톱·악몽의 엄습,펄크라,특수스킬,강화특수스킬,물리,"무적판정, 오프필드 발동, 여진 공격",,,
강화특수스킬: 포식의 발톱·빠른 걸음,펄크라,특수스킬,강화특수스킬,물리,무적판정,,,
콤보스킬: 안녕 이건 몰랐지?,펄크라,콤보공격,콤보스킬,물리,무적판정,,,
궁극기: 자 놀아 볼까?,펄크라,궁극기,궁극기,물리,무적판정,,,
핵심패시브: 사냥꾼의 본능,펄크라,핵심스킬,핵심패시브,,"그로기수치증가, 사냥꾼의 걸음 진입, 이전 캐릭터 빠른지원",,,사냥꾼의 걸음
추가능력: 비즈니스 파트너,펄크라,핵심스킬,추가능력,,,트랩,"클래스 시너지-강공, 클래스 시너지-명파, 진영시너지, 여진 공격"
기본공격: 궁극의 연타,반인호,일반공격,기본공격,물리,,,,
회피: 제비처럼 가벼운 몸짓,반인호,회피스킬,회피,,무적판정,,,
대시공격: 부글부글 끓는 기름,반인호,회피스킬,대시공격,물리,,,,
회피반격: 산과 바다를 뒤엎다,반인호,회피스킬,회피반격,물리,무적판정,,,
빠른지원: 고개를 들면 행운이 있을지니,반인호,지원스킬,빠른지원,물리,"무적판정, 빠른지원",,,
패링지원: 위협적인 존재감,반인호,지원스킬,패링지원,,"무적판정, 패링, 높은그로기배율, 지원 포인트 소모 감소",,,
지원돌격: 기세를 몰아,반인호,지원스킬,지원돌격,물리,무적판정,,,
특수스킬: 폭음점혈지,반인호,특수스킬,특수스킬,물리,경직저항증가,,,
강화특수스킬: 단맥파혈수,반인호,특수스킬,강화특수스킬,물리,"받는피해감소, 경직저항증가, 무적판정, 오프필드 발동",괴력,,
강화특수스킬: 첩산진맥고,반인호,특수스킬,강화특수스킬,물리,"무적판정, 괴력 획득, 이전 캐릭터 빠른지원",,,
콤보스킬: 요리사의 기합,반인호,콤보공격,콤보스킬,물리,무적판정,,,
궁극기: 진수성찬!,반인호,궁극기,궁극기,물리,"무적판정, 파티원 회복",,,
핵심패시브: 기맥건곤,반인호,핵심스킬,핵심패시브,,파티관통률증가,,,
추가능력: 판다의 위장,반인호,핵심스킬,추가능력,,,절명,"클래스 시너지-명파, 진영시너지, 절명"
차지공격: 너구리의 장막,유즈하,일반공격,차지공격,물리,"패링, 높은그로기배율, 무적판정, 달콤 포인트 획득",,,
강화차지공격: 하드 캔디 샷,유즈하,일반공격,강화차지공격,물리,"무적판정, 오프필드 발동, 여진 공격",달콤 포인트,,
일반공격: 스프링클 버스트,유즈하,일반공격,일반공격,물리,"오프필드 발동, 이상축적효율증가",,,
일반공격: 스프링클 버스트·맥스,유즈하,일반공격,일반공격,물리,"오프필드 발동, 이상축적효율증가",,,
일반공격: 너구리의 도움,유즈하,일반공격,일반공격,물리,오프필드 발동,,,
회피: 깜짝 놀랐지?,유즈하,회피스킬,회피,,무적판정,,,
대시공격: 너 이제 큰일 났다!,유즈하,회피스킬,대시공격,물리,,,,
회피반격: 복수 시작~,유즈하,회피스킬,회피반격,물리,무적판정,,,
빠른지원: 디저트 타임,유즈하,지원스킬,빠른지원,물리,"무적판정, 빠른지원",,,
패링지원: 재미 더하기,유즈하,지원스킬,패링지원,,"무적판정, 패링, 높은그로기배율, 달콤 포인트 획득",,,
지원돌격: 쿠키 한 조각 어때,유즈하,지원스킬,지원돌격,물리,무적판정,,,
지원돌격: 필링 하드 캔디 샷,유즈하,지원스킬,지원돌격,물리,무적판정,,,
특수스킬: 젤리 폭격,유즈하,특수스킬,특수스킬,물리,,,,
강화특수스킬: 충치 조심해,유즈하,특수스킬,강화특수스킬,물리,"무적판정, 빠른지원, 달콤 포인트 획득",,달콤한 공포,
"강화특수스킬: 충치 조심해, 바로 지금 말이야!",유즈하,특수스킬,강화특수스킬,물리,"무적판정, 빠른지원, 달콤 포인트 획득",,달콤한 공포,
콤보스킬: 짓궂은 공격,유즈하,콤보공격,콤보스킬,물리,"무적판정, 빠른지원, 달콤 포인트 획득",,,
궁극기: 항복하면 안 잡아먹지,유즈하,궁극기,궁극기,물리,"무적판정, 빠른지원, 달콤 포인트 획득, 에너지회복",,달콤한 공포,
핵심패시브: 다채로운 기교,유즈하,핵심스킬,핵심패시브,,"파티공격력증가, 파티원피해증가, 달콤 포인트 획득",,,
추가능력: 사람이 많을수록 재밌지,유즈하,핵심스킬,추가능력,,"파티원이상축적효율증가, 이상피해증가",,,"클래스 시너지-이상, 진영시너지"
기본공격: 별의 서곡,앨리스,일반공격,기본공격,물리,,,,강타
차지공격: 별빛 원무곡,앨리스,일반공격,차지공격,물리,"무적판정, 혼돈",검의,,강타
회피: 깡총대는 토끼,앨리스,회피스킬,회피,,무적판정,,,
대시공격: 검무의 바람,앨리스,회피스킬,대시공격,물리,,,,
회피반격: 검빛 의례,앨리스,회피스킬,회피반격,물리,무적판정,,,
빠른지원: 얼터네이트 스탭,앨리스,지원스킬,빠른지원,물리,"무적판정, 빠른지원",,,
패링지원: 패리 가드,앨리스,지원스킬,패링지원,,"무적판정, 패링, 높은그로기배율",,,
지원돌격: 크로스 리포스트,앨리스,지원스킬,지원돌격,물리,무적판정,,,
특수스킬: 여명 찌르기,앨리스,특수스킬,특수스킬,물리,경직저항증가,,,
강화특수스킬: 오로라 찌르기·북십자성,앨리스,특수스킬,강화특수스킬,물리,"무적판정, 검의 획득",,,
강화특수스킬: 오로라 찌르기·남십자성,앨리스,특수스킬,강화특수스킬,물리,"무적판정, 검의 획득",,,
콤보스킬: 별의 중간장,앨리스,콤보공격,콤보스킬,물리,무적판정,,,
궁극기: 별빛 피날레,앨리스,궁극기,궁극기,물리,"무적판정, 검의 획득",,,
핵심패시브: 쌍둥이 무지개의 검심,앨리스,핵심스킬,핵심패시브,,"오프필드 발동, 이상피해증가, 이상축적효율증가, 검의 획득",,,"강타, 혼돈"
추가능력: 기묘한 곳을 찾아서,앨리스,핵심스킬,추가능력,,"이상마스터리증가, 검의 획득",,방어력감소,"클래스 시너지-이상, 클래스 시너지-지원, 강타, 혼돈"
기본공격: 무엇을 도와드릴까요?,다이아린,일반공격,기본공격,물리,,,,
차지공격: 가위바위보,다이아린,일반공격,차지공격,물리,"경직저항증가, 받는피해감소",,,
회피: 통화 중,다이아린,회피스킬,회피,,무적판정,,,
대시공격: 갑자기 걸려온 전화,다이아린,회피스킬,대시공격,물리,,,,
회피반격: 수신 불가,다이아린,회피스킬,회피반격,물리,무적판정,,,
빠른지원: 착신 전환,다이아린,지원스킬,빠른지원,물리,"무적판정, 빠른지원",,,
패링지원: 통화 거절,다이아린,지원스킬,패링지원,,"무적판정, 패링, 높은그로기배율, 지원 포인트 소모 감소",,,
지원돌격: 연속 호출,다이아린,지원스킬,지원돌격,물리,무적판정,,,
특수스킬: 고객 배웅!,다이아린,특수스킬,특수스킬,물리,"무적판정, 이전 캐릭터 빠른지원",컴플레인,,
강화특수스킬: 환영의 제스처,다이아린,특수스킬,강화특수스킬,물리,경직저항증가,,,
강화특수스킬: 바위,다이아린,특수스킬,강화특수스킬,물리,"무적판정, 호평 획득",,,
강화특수스킬: 가위,다이아린,특수스킬,강화특수스킬,물리,"무적판정, 호평 획득",,,
강화특수스킬: 보!,다이아린,특수스킬,강화특수스킬,물리,"무적판정, 호평 획득",,악성 클레임,
콤보스킬: 웰컴 매트,다이아린,콤보공격,콤보스킬,물리,무적판정,,,
궁극기: 고객님의 번호가 정지되었습니다,다이아린,궁극기,궁극기,물리,무적판정,,,
핵심패시브: 별점 5점 고객센터 핫라인,다이아린,핵심스킬,핵심패시브,,"충격력증가, 강제체인발동",,,
추가능력: 전화 찬스,다이아린,핵심스킬,추가능력,,"치명타피해증가, 파티원피해증가",,,"클래스 시너지-강공, 클래스 시너지-명파"
기본공격: 빠른 검,엽빛나,일반공격,기본공격,물리,,,,
차지공격: 구름의 검의,엽빛나,일반공격,차지공격,물리,경직저항증가,,,
강화차지공격: 명심경·갈라지는 물줄기,엽빛나,일반공격,강화차지공격,서슬,가드판정,,,
일반공격: 명심경·솟구치는 기세,엽빛나,일반공격,일반공격,서슬,무적판정,,,
일반공격: 명심경·참광·극,엽빛나,일반공격,일반공격,서슬,"무적판정, 가드판정",청명검세,,
일반공격: 명심경·참광,엽빛나,일반공격,일반공격,서슬,무적판정,,,
일반공격: 명심경·참광·멸,엽빛나,일반공격,일반공격,서슬,"무적판정, 가드판정, 극치 획득",청명검세,,
회피: 흔적 없는 걸음,엽빛나,회피스킬,회피,,무적판정,,,
대시공격: 구름의 종적,엽빛나,회피스킬,대시공격,,,,,
회피반격: 그림자 같은 질주,엽빛나,회피스킬,회피반격,물리,,,,
회피반격: 제비 같은 민첩함,엽빛나,회피스킬,회피반격,물리,무적판정,,,
등장스킬: 비춰진 그림자,엽빛나,지원스킬,등장스킬,물리,"무적판정, 빠른지원, 명심경 진입",청명검세,,
빠른지원: 수비 지원,엽빛나,지원스킬,빠른지원,물리,"무적판정, 빠른지원",,,
지원돌격: 다툼 종결,엽빛나,지원스킬,지원돌격,물리,무적판정,,,
패링지원: 돌아갈 때,엽빛나,지원스킬,패링지원,,"무적판정, 패링, 높은그로기배율",,,
빠른지원: 명심경·응전,엽빛나,지원스킬,빠른지원,서슬,"무적판정, 빠른지원",,,
지원돌격: 명심경·통합,엽빛나,지원스킬,지원돌격,서슬,무적판정,,,
특수스킬: 파도를 인도하는 자,엽빛나,특수스킬,특수스킬,물리,무적판정,,,
강화특수스킬: 파란 평정,엽빛나,특수스킬,강화특수스킬,물리,"무적판정, 청명검세 획득",,,
특수스킬: 명심경·옷자락을 털고,엽빛나,특수스킬,특수스킬,서슬,무적판정,,,
강화특수스킬: 명심경·섬광,엽빛나,특수스킬,강화특수스킬,서슬,무적판정,청명검세,,
강화특수스킬: 명심경·귀결,엽빛나,특수스킬,강화특수스킬,서슬,무적판정,,,
콤보스킬: 악을 베어내리,엽빛나,콤보공격,콤보스킬,물리,무적판정,,,
궁극기: 운무를 흐리는 전격,엽빛나,궁극기,궁극기,서슬,"무적판정, 명심경 진입, 청명검세 획득",,,
콤보스킬: 명심경·거친 우레,엽빛나,콤보공격,콤보스킬,서슬,무적판정,,,
궁극기: 망념을 베고 하늘을 열리,엽빛나,궁극기,궁극기,서슬,무적판정,,,
핵심패시브: 무명 타파,엽빛나,핵심스킬,핵심패시브,,"치명타확률증가, 피해증가, 그로기약체화배율증가",,,
추가능력: 거스르는 빛,엽빛나,핵심스킬,추가능력,,"방어력무시, 피해증가",,,"클래스 시너지-지원, 클래스 시너지-방어"
기본공격: 장난스런 별망치,수나,일반공격,기본공격,물리,,,,
차지공격: 짓궃은 고양이 등장!,수나,일반공격,차지공격,물리,"오프필드 발동, 스크래처 획득",스크래처,,
회피: 안 맞지롱,수나,회피스킬,회피,,무적판정,,,
대시공격: 치솟는 망치,수나,회피스킬,대시공격,물리,,,,
회피반격: 망상의 삼진,수나,회피스킬,회피반격,물리,무적판정,,,
빠른지원: 광음의 연타,수나,지원스킬,빠른지원,물리,"무적판정, 빠른지원",,,
패링지원: 무대 공포증,수나,지원스킬,패링지원,,"무적판정, 패링, 높은그로기배율",,,
지원돌격: 점프 연습,수나,지원스킬,지원돌격,물리,무적판정,,,
특수스킬: 스타 슈터,수나,특수스킬,특수스킬,물리,,,,
강화특수스킬: 방울껌 폭격,수나,특수스킬,강화특수스킬,물리,"무적판정, 빠른지원, 천사의 하모니 획득",,,
강화특수스킬: 특별한 촬영 기법,수나,특수스킬,강화특수스킬,물리,"무적판정, 빠른지원, 파티공격력증가, 에테르 장막 발동",,,AOD 협동 공격
콤보스킬: 고양이를 화나게 하지 마,수나,콤보공격,콤보스킬,물리,"무적판정, 빠른지원",,,
궁극기: 전부 부숴버리겠어!,수나,궁극기,궁극기,물리,"무적판정, 빠른지원, 스크래처 획득, 파티원 회복",,,
핵심패시브: 귀여움이 곧 정의,수나,핵심스킬,핵심패시브,,파티공격력증가,,고양이의 응시,"클래스 시너지-강공, 클래스 시너지-이상"
추가능력: 백일몽 대립법,수나,핵심스킬,추가능력,,"그로기약체화배율증가, 에너지회복",,,"클래스 시너지-강공, 진영시너지"
기본공격: 워밍업 스파크,11호,일반공격,기본공격,불,,,,
차지공격: 화력 진압,11호,일반공격,차지공격,불,,,,
회피: 어닐링,11호,회피스킬,회피,,무적판정,,,
대시공격: 이글거리는 불꽃,11호,회피스킬,대시공격,물리,,,,
회피반격: 화력 진압,11호,회피스킬,회피반격,불,,,,
회피반격: 역화,11호,회피스킬,회피반격,불,무적판정,,,
빠른지원: 화력 엄호,11호,지원스킬,빠른지원,불,"무적판정, 빠른지원",,,
패링지원: 방어선 다지기,11호,지원스킬,패링지원,,"무적판정, 패링, 높은그로기배율",,,
지원돌격: 재점화,11호,지원스킬,지원돌격,불,무적판정,,,
특수스킬: 맹렬한 불꽃,11호,특수스킬,특수스킬,불,경직저항증가,,,
강화특수스킬: 타오르는 맹렬한 불꽃,11호,특수스킬,강화특수스킬,불,무적판정,,,화력 진압
콤보스킬: 드높은 불꽃,11호,콤보공격,콤보스킬,불,무적판정,,,화력 진압
궁극기: 터지는 불꽃,11호,궁극기,궁극기,불,무적판정,,,화력 진압
핵심패시브: 뜨거운 파도,11호,핵심스킬,핵심패시브,,피해증가,,,화력 진압
추가능력: 불타는 벌판,11호,핵심스킬,추가능력,,"불 속성 피해증가, 에너지회복",,,"속성시너지-불, 진영시너지"
"일반공격: 압착, 분쇄",콜레다,일반공격,일반공격,물리,무적판정,용광로 열기,,"벤 협동 공격, 용광로 가열"
회피: 두고 보자,콜레다,회피스킬,회피,,무적판정,,,
대시공격: 떨게 해주지,콜레다,회피스킬,대시공격,물리,,,,
회피반격: 무시하지 마,콜레다,회피스킬,회피반격,불,무적판정,,,
빠른지원: 내가 할게,콜레다,지원스킬,빠른지원,불,"무적판정, 빠른지원",,,
패링지원: 호신용 망치,콜레다,지원스킬,패링지원,,"무적판정, 패링, 높은그로기배율, 지원 포인트 소모 감소",,,
지원돌격: 해머 벨,콜레다,지원스킬,지원돌격,불,"무적판정, 용광로 열기 획득",,,
특수스킬: 폭파! 해머 타임,콜레다,특수스킬,특수스킬,불,경직저항증가,,,벤 협동 공격
강화특수스킬: 끓는 용광로,콜레다,특수스킬,강화특수스킬,불,"무적판정, 용광로 열기 획득",,,"벤 협동 공격, 용광로 가열"
콤보스킬: 하늘이 무너지고 땅이 갈라진다,콜레다,콤보공격,콤보스킬,불,"무적판정, 용광로 열기 획득",,,
궁극기: 바닥에 처박아주마!,콜레다,궁극기,궁극기,불,"무적판정, 용광로 열기 획득",,,벤 협동 공격
핵심패시브: 폭파 망치,콜레다,핵심스킬,핵심패시브,,그로기수치증가,,,용광로 가열
추가능력: 벨로보그 경영학,콜레다,핵심스킬,추가능력,,파티원피해증가,,,"속성시너지-불, 진영시너지, 클래스 시너지-명파"
기본공격: 정산,벤,일반공격,기본공격,물리,,,,
회피: 영수증 오류,벤,회피스킬,회피,,무적판정,,,
대시공격: 비용 청구,벤,회피스킬,대시공격,물리,,,,
회피반격: 청산,벤,회피스킬,회피반격,불,무적판정,,,
빠른지원: 공동 채권추심,벤,지원스킬,빠른지원,불,"무적판정, 빠른지원",,,
패링지원: 위험 분산,벤,지원스킬,패링지원,,"무적판정, 패링, 높은그로기배율, 지원 포인트 소모 감소",,,
지원돌격: 계약 위반 징벌,벤,지원스킬,지원돌격,불,무적판정,,,
"특수스킬: 채「권」 통계",벤,특수스킬,특수스킬,물리,"무적판정, 가드판정, 실드 획득, 경직저항증가",,,
강화특수스킬: 만기를 알리는 주먹,벤,특수스킬,강화특수스킬,불,"무적판정, 가드판정, 실드 획득",,,벤 협동 공격
"콤보스킬: 날인, 결산",벤,콤보공격,콤보스킬,불,무적판정,,,
"궁극기: 채「권」, 전면 청산",벤,궁극기,궁극기,불,무적판정,,,
핵심패시브: 수비,벤,핵심스킬,핵심패시브,,파티원 실드,,,쉴드
추가능력: 합의 계약,벤,핵심스킬,추가능력,,치명타확률증가,,,"속성시너지-불, 진영시너지, 쉴드"
기본공격: 숙녀의 방망이,루시,일반공격,기본공격,물리,,,,
차지공격: 무기를 들자!,루시,일반공격,차지공격,물리,오프필드 발동,,,
강화차지공격: 회전 타법!,루시,일반공격,강화차지공격,물리,오프필드 발동,,,파이팅!
회피: 볼!,루시,회피스킬,회피,,무적판정,,,
대시공격: 저돌적으로!,루시,회피스킬,대시공격,물리,,,,
회피반격: 송곳니 반응!,루시,회피스킬,회피반격,불,무적판정,,,
빠른지원: 사구!,루시,지원스킬,빠른지원,불,"무적판정, 빠른지원",,,
패링지원: 세이프!,루시,지원스킬,패링지원,,"무적판정, 패링, 높은그로기배율",,,
지원돌격: 홈인!,루시,지원스킬,지원돌격,불,무적판정,,,
특수스킬: 안타!,루시,특수스킬,특수스킬,불,,,,
강화특수스킬: 홈런!,루시,특수스킬,강화특수스킬,불,"무적판정, 빠른지원",,,
콤보스킬: 만루 홈런!,루시,콤보공격,콤보스킬,불,"무적판정, 빠른지원",,,
궁극기: 끝내기 홈런!,루시,궁극기,궁극기,불,"무적판정, 빠른지원, 에너지회복",,,
핵심패시브: 붉은 갈기 친위대,루시,핵심스킬,핵심패시브,,오프필드 발동,,,파이팅!
추가능력: 타격 준비!,루시,핵심스킬,추가능력,,,,,"파이팅!, 속성시너지-불, 진영시너지, 클래스 시너지-명파"
기본공격: 활활 빌딩,버니스,일반공격,기본공격,불,,,,
차지공격: 활활 스티어링,버니스,일반공격,차지공격,불,경직저항증가,발화점,,발화점
회피: 불타는 그림자,버니스,회피스킬,회피,,무적판정,,,
대시공격: 위험한 발효,버니스,회피스킬,대시공격,불,,,,
회피반격: 흔들흔들 스텝,버니스,회피스킬,회피반격,불,무적판정,,,
빠른지원: 특제 에너지 음료,버니스,지원스킬,빠른지원,불,"무적판정, 빠른지원",,,
패링지원: 스모키 퓨엘,버니스,지원스킬,패링지원,,"무적판정, 패링, 높은그로기배율",,,
지원돌격: 후끈한 감로,버니스,지원스킬,지원돌격,불,무적판정,,,
특수스킬: 이글이글 에이징,버니스,특수스킬,특수스킬,불,경직저항증가,,,
강화특수스킬: 이글이글 쉐이킹,버니스,특수스킬,강화특수스킬,불,"무적판정, 경직저항증가, 받는피해감소",,,
강화특수스킬: 이글이글 쉐이킹·더블,버니스,특수스킬,강화특수스킬,불,"무적판정, 경직저항증가, 받는피해감소",,,
콤보스킬: 연료를 태우는 불꽃,버니스,콤보공격,콤보스킬,불,무적판정,,,
궁극기: 타오르는 불꽃을 느껴봐,버니스,궁극기,궁극기,불,"무적판정, 빠른지원, 발화점 획득",,,발화점
핵심패시브: 특제 연료,버니스,핵심스킬,핵심패시브,,"이상축적효율증가, 발화점 획득",,열상,발화점
추가능력: 요원의 불길,버니스,핵심스킬,추가능력,,이상축적효율증가,,,"클래스 시너지-이상, 진영시너지"
일반공격: L식 포효하는 주먹,라이터,일반공격,일반공격,불,"무적판정, 받는피해감소",사기,,사기
회피: 쉐도우 스텝,라이터,회피스킬,회피,,무적판정,,,
대시공격: 분쇄 주먹,라이터,회피스킬,대시공격,물리,,,,
회피반격: 섬광,라이터,회피스킬,회피반격,불,무적판정,,,
빠른지원: 섬광-수비,라이터,지원스킬,빠른지원,불,"무적판정, 빠른지원",,,
패링지원: 순간 파괴,라이터,지원스킬,패링지원,,"무적판정, 패링, 높은그로기배율",,,
지원돌격: 분쇄 주먹-찌르기,라이터,지원스킬,지원돌격,불,무적판정,,,
특수스킬: V식 태양 승권,라이터,특수스킬,특수스킬,불,경직저항증가,,,
강화특수스킬: V식 태양 승권-풀파워,라이터,특수스킬,강화특수스킬,불,무적판정,,,
콤보스킬: V식 작열하는 태양,라이터,콤보공격,콤보스킬,불,무적판정,,,
궁극기: W식 챔피언의 염화,라이터,궁극기,궁극기,불,무적판정,,,
핵심패시브: 조연제,라이터,핵심스킬,핵심패시브,,"충격력증가, 빠른지원, 사기 획득",,"궤멸, 불 속성 피해저항감소, 얼음 속성 피해저항감소",사기
추가능력: 드높은 투지,라이터,핵심스킬,추가능력,,"불 속성 피해증가, 얼음 속성 피해증가",,,"클래스 시너지-강공, 진영시너지, 사기"
기본공격: 끊어내는 현,이블린,일반공격,기본공격,불,뒤엉킨 금제 진입,,,뒤엉킨 금제
차지공격: 포박,이블린,일반공격,차지공격,,"잉걸불 획득, 화승점 획득",,,화승점
강화차지공격: 교살식·Ⅰ형,이블린,일반공격,강화차지공격,불,"경직저항증가, 받는피해감소, 화승점 획득",잉걸불,,화승점
일반공격: 교살식·Ⅱ형,이블린,일반공격,일반공격,불,"경직저항증가, 받는피해감소, 화승점 획득",잉걸불,,화승점
회피: 아크 스텝,이블린,회피스킬,회피,,무적판정,,,
대시공격: 잠행 습격,이블린,회피스킬,대시공격,물리,,,,
회피반격: 올가미 반격,이블린,회피스킬,회피반격,불,"무적판정, 뒤엉킨 금제 진입",,,뒤엉킨 금제
빠른지원: 뜨거운 칼날,이블린,지원스킬,빠른지원,불,"무적판정, 빠른지원, 뒤엉킨 금제 진입",,,뒤엉킨 금제
패링지원: 고요한 엄호,이블린,지원스킬,패링지원,,"무적판정, 패링, 높은그로기배율",,,
지원돌격: 궤적 교란,이블린,지원스킬,지원돌격,불,"무적판정, 뒤엉킨 금제 진입",,,뒤엉킨 금제
특수스킬: 고정 포지션,이블린,특수스킬,특수스킬,불,"경직저항증가, 뒤엉킨 금제 진입",,,뒤엉킨 금제
강화특수스킬: 속박식·Ⅰ형,이블린,특수스킬,강화특수스킬,불,"경직저항증가, 잉걸불 획득",,,뒤엉킨 금제
강화특수스킬: 속박식·최종형,이블린,특수스킬,강화특수스킬,불,"무적판정, 잉걸불 획득",,,뒤엉킨 금제
콤보스킬: 달빛타래·올가미,이블린,콤보공격,콤보스킬,불,"무적판정, 뒤엉킨 금제 진입",화승점,,"뒤엉킨 금제, 화승점"
궁극기: 달빛타래·현의 울림,이블린,궁극기,궁극기,불,"무적판정, 뒤엉킨 금제 진입, 화승점 획득",,,"뒤엉킨 금제, 화승점"
궁극기: 달빛타래·현의 그림자,이블린,궁극기,궁극기,불,"무적판정, 뒤엉킨 금제 진입, 화승점 획득",,,"뒤엉킨 금제, 화승점"
핵심패시브: 얽매는 줄,이블린,핵심스킬,핵심패시브,,치명타확률증가,,,뒤엉킨 금제
추가능력: 잠습 포인트,이블린,핵심스킬,추가능력,,"치명타확률증가, 피해증가",,,"클래스 시너지-격파, 클래스 시너지-지원"
기본공격: 대호칠식·강렬한 발톱,귤복복,일반공격,기본공격,불,"경직저항증가, 받는피해감소",,,
차지공격: 「호위」,귤복복,일반공격,차지공격,불,"오프필드 발동, 위풍 획득",,,
회피: 대호칠식·호랑이를 따르는 바람,귤복복,회피스킬,회피,,무적판정,,,
대시공격: 대호칠식·질주하는 호랑이,귤복복,회피스킬,대시공격,물리,,,,
회피반격: 대호칠식·산군의 놀음,귤복복,회피스킬,회피반격,불,"무적판정, 경직저항증가, 받는피해감소, 위풍 획득",위세,,
회피반격: 대호칠식·불타는 산,귤복복,회피스킬,회피반격,불,무적판정,,,
빠른지원: 뿔난 호랑이,귤복복,지원스킬,빠른지원,불,"무적판정, 빠른지원",,,
패링지원: 굳건한 호랑이,귤복복,지원스킬,패링지원,,"무적판정, 패링, 높은그로기배율",,,
지원돌격: 야수의 근성,귤복복,지원스킬,지원돌격,불,"무적판정, 위세 획득",,,
특수스킬: 대호칠식·산에서 내려온 호랑이,귤복복,특수스킬,특수스킬,불,경직저항증가,,,
강화특수스킬: 대호칠식·개조·산에서 내려온 맹호,귤복복,특수스킬,강화특수스킬,불,"무적판정, 위세 획득, 위풍 획득",,,
콤보스킬: 호랑솥·붕괴,귤복복,콤보공격,콤보스킬,불,무적판정,,,
궁극기: 호랑솥·진살,귤복복,궁극기,궁극기,불,"무적판정, 여진 공격, 오프필드 발동",위풍,,
궁극기: 대호칠식·맹호폭발,귤복복,궁극기,궁극기,불,"무적판정, 위세 획득, 위풍 획득",,,
핵심패시브: 늠름한 호랑이,귤복복,핵심스킬,핵심패시브,,"파티원피해증가, 치명타피해증가, 충격력증가",,,
추가능력: 위풍당당,귤복복,핵심스킬,추가능력,,데시벨회복증가,,,"클래스 시너지-강공, 클래스 시너지-명파"
기본공격: 열풍참,마나토,일반공격,기본공격,물리,,,,
차지공격: 열풍·어둠 베기,마나토,일반공격,차지공격,불,HP소모,,,달궈진 칼날
회피: 빛나는 칼날,마나토,회피스킬,회피,,무적판정,,,
대시공격: 빛나는 칼날·잔심,마나토,회피스킬,대시공격,물리,,,,
회피반격: 빛나는 칼날·교란,마나토,회피스킬,회피반격,불,무적판정,,,
빠른지원: 고영·진영 복귀,마나토,지원스킬,빠른지원,불,"무적판정, 빠른지원",,,
패링지원: 고영·우뚝 솟은 산,마나토,지원스킬,패링지원,불,"무적판정, 패링, 높은그로기배율, 뜨거운 마음 획득",,,
지원돌격: 고영·송곳니 끊기,마나토,지원스킬,지원돌격,불,"무적판정, HP소모",,,
특수스킬: 잔재,마나토,특수스킬,특수스킬,불,"경직저항증가, 받는피해감소, HP회복",,,
강화특수스킬: 잔재·희생,마나토,특수스킬,강화특수스킬,불,"경직저항증가, 받는피해감소, HP소모, HP회복, 뜨거운 마음 획득",,,
강화특수스킬: 잔재·추락,마나토,특수스킬,강화특수스킬,불,"무적판정, HP회복",기운,,달궈진 칼날
콤보스킬: 맹렬한 폭발,마나토,콤보공격,콤보스킬,불,무적판정,,,
궁극기: 무상의 거친 혼,마나토,궁극기,궁극기,불,무적판정,,,
핵심패시브: 달궈진 칼날의 기세,마나토,핵심스킬,핵심패시브,,"관통률증가, 방어력무시, 치명타확률증가, 치명타피해증가, 불 속성 피해증가",,,달궈진 칼날
추가능력: 다시 타오르는 마음,마나토,핵심스킬,추가능력,,"HP회복, 잔화 획득",잔화,,"클래스 시너지-지원, 클래스 시너지-격파"
기본공격: 험준한 산,반악,일반공격,기본공격,불,,,,
기본공격: 웅장한 산,반악,일반공격,기본공격,불,경직저항증가,,,분개
차지공격: 분신,반악,일반공격,차지공격,불,노상 진입,,,분개
차지공격: 인화,반악,일반공격,차지공격,,"HP소모, 분개 획득, 노상 진입",분개,,
차지공격: 무너진 산,반악,일반공격,차지공격,불,무적판정,분개,,분개
차지공격: 산악 분쇄,반악,일반공격,차지공격,불,무적판정,,,분개
회피: 산처럼 굳건한,반악,회피스킬,회피,,"패링, 가드판정, 무적판정, 분개 획득",,,
대시공격: 산맥 넘기,반악,회피스킬,대시공격,,무적판정,,,
회피반격: 도발,반악,회피스킬,회피반격,,무적판정,,,
대시공격: 휘날리는 모래,반악,회피스킬,대시공격,불,,,,
회피반격: 흩날리는 자갈,반악,회피스킬,회피반격,불,무적판정,,,
빠른지원: 반암,반악,지원스킬,빠른지원,불,"무적판정, 빠른지원",,,
패링지원: 철벽,반악,지원스킬,패링지원,,"무적판정, 패링, 높은그로기배율",,,
지원돌격: 높이 솟은 하늘,반악,지원스킬,지원돌격,불,무적판정,,,
지원돌격: 하늘을 향한 돌진,반악,지원스킬,지원돌격,불,무적판정,,,
특수스킬: 흔들리는 땅,반악,특수스킬,특수스킬,불,무적판정,기운,,
강화특수스킬: 요동치는 산,반악,특수스킬,강화특수스킬,불,무적판정,기운,,분개
강화특수스킬: 진리의 말,반악,특수스킬,강화특수스킬,불,무적판정,기운,전율,분개
강화특수스킬: 사자후,반악,특수스킬,강화특수스킬,불,무적판정,기운,,분개
강화특수스킬: 요동치는 산·분노,반악,특수스킬,강화특수스킬,불,무적판정,기운,,분개
강화특수스킬: 사자후·분노,반악,특수스킬,강화특수스킬,불,무적판정,기운,,분개
콤보스킬: 진노의 화염,반악,콤보공격,콤보스킬,불,"무적판정, 노상 진입",,,분개
궁극기: 천지를 뒤흔들다,반악,궁극기,궁극기,불,"무적판정, 노상 진입",,,분개
핵심패시브: 뭇 산과 같이,반악,핵심스킬,핵심패시브,,"관통률증가, 방어력무시, 분개 획득, 기운회복",,,분개
추가능력: 드높은 산꼭대기,반악,핵심스킬,추가능력,,불 속성 피해증가,산의 위력,전율,"클래스 시너지-지원, 클래스 시너지-격파"
기본공격: 달밤의 사냥,리카온,일반공격,기본공격,물리,,,,
차지공격: 달밤의 사냥,리카온,일반공격,차지공격,얼음,,,,
회피: 적절한 포지셔닝,리카온,회피스킬,회피,,무적판정,,,
대시공격: 청결 유지,리카온,회피스킬,대시공격,물리,,,,
회피반격: 예절 교육,리카온,회피스킬,회피반격,얼음,무적판정,,,
빠른지원: 늑대 무리,리카온,지원스킬,빠른지원,얼음,"무적판정, 빠른지원",,,
패링지원: 사냥 개입,리카온,지원스킬,패링지원,,"무적판정, 패링, 높은그로기배율",,,
지원돌격: 복수의 반격,리카온,지원스킬,지원돌격,얼음,무적판정,,,
특수스킬: 사냥 시간,리카온,특수스킬,특수스킬,얼음,경직저항증가,,,
강화특수스킬: 광폭한 사냥 시간,리카온,특수스킬,강화특수스킬,얼음,무적판정,,,
콤보스킬: 명을 따르겠습니다,리카온,콤보공격,콤보스킬,얼음,무적판정,,,
궁극기: 사명 완수,리카온,궁극기,궁극기,얼음,무적판정,,,
핵심패시브: 금속 늑대 다리,리카온,핵심스킬,핵심패시브,,그로기배율증가,,얼음 속성 피해 저항감소,
추가능력: 우아한 사냥꾼,리카온,핵심스킬,추가능력,,"그로기약체화배율증가, 그로기배율증가",,,"속성시너지-얼음, 진영시너지"
기본공격: 모치츠치,소우카쿠,일반공격,기본공격,물리,,,,
차지공격: 모치츠키(서리로 물든 깃발),소우카쿠,일반공격,차지공격,얼음,,서리로 물든 깃발,,서리로 물든 깃발
회피: 한입만,소우카쿠,회피스킬,회피,,무적판정,,,
대시공격: 반띵,소우카쿠,회피스킬,대시공격,물리,,,,
회피반격: 반띵(서리로 물든 깃발),소우카쿠,회피스킬,회피반격,얼음,,서리로 물든 깃발,,서리로 물든 깃발
회피반격: 내 간식이거든!,소우카쿠,회피스킬,회피반격,얼음,무적판정,,,
빠른지원: 2인 세트,소우카쿠,지원스킬,빠른지원,얼음,"무적판정, 빠른지원",,,
패링지원: 방어 전술,소우카쿠,지원스킬,패링지원,,"무적판정, 패링, 높은그로기배율, 지원 포인트 소모 감소",,,
지원돌격: 휘몰아치는 타격,소우카쿠,지원스킬,지원돌격,얼음,무적판정,,,깃발 펼치기
특수스킬: 도시락 후~ 후~,소우카쿠,특수스킬,특수스킬,얼음,"경직저항증가, 받는피해감소",,,깃발 펼치기
강화특수스킬: 벌레 쫓기,소우카쿠,특수스킬,강화특수스킬,얼음,"경직저항증가, 받는피해감소, 와류 획득",,,깃발 펼치기
특수스킬: 모두 모여!,소우카쿠,특수스킬,특수스킬,얼음,"빠른지원, 서리로 물든 깃발 진입",와류,,깃발 펼치기
콤보스킬: 닭죽탕,소우카쿠,콤보공격,콤보스킬,얼음,"무적판정, 와류 획득",,,
궁극기: 닭죽탕 곱빼기,소우카쿠,궁극기,궁극기,얼음,"무적판정, 치명타확률증가, 에너지회복, 와류 획득",,,
핵심패시브: 깃발의 격려,소우카쿠,핵심스킬,핵심패시브,,파티공격력증가,,,깃발 펼치기
추가능력: 단체급식 세트,소우카쿠,핵심스킬,추가능력,,파티원피해증가,와류,,"속성시너지-얼음, 진영시너지, 깃발 펼치기"
기본공격: 이빨 전지법,엘렌,일반공격,기본공격,물리,,,,
차지공격: 급랭 전지법,엘렌,일반공격,차지공격,얼음,,급랭 충전,,
강화차지공격: 칼날 파도,엘렌,일반공격,강화차지공격,얼음,무적판정,급랭 충전,,
일반공격: 서리 칼날,엘렌,일반공격,일반공격,얼음,"무적판정, 고속 차지 획득",,,
회피: 소용돌이,엘렌,회피스킬,회피,,"무적판정, 고속 차지 획득",,,
대시공격: 사냥 순행,엘렌,회피스킬,대시공격,,무적판정,,,
회피반격: 살얼음 잠습,엘렌,회피스킬,회피반격,얼음,"무적판정, 경직저항증가, 받는피해감소, 급랭 충전 획득",,,
대시공격: 성난 파도,엘렌,회피스킬,대시공격,물리,,,,
대시공격: 한파,엘렌,회피스킬,대시공격,얼음,,급랭 충전,,
회피반격: 암초,엘렌,회피스킬,회피반격,얼음,무적판정,,,
빠른지원: 상어 경호원,엘렌,지원스킬,빠른지원,얼음,"무적판정, 빠른지원, 고속 차지 획득",,,
패링지원: 맞파도,엘렌,지원스킬,패링지원,,"무적판정, 패링, 높은그로기배율",,,
지원돌격: 샤크 크루저,엘렌,지원스킬,지원돌격,얼음,무적판정,,,
특수스킬: 꼬리 흔들기,엘렌,특수스킬,특수스킬,얼음,경직저항증가,,,
강화특수스킬: 휩쓸기,엘렌,특수스킬,강화특수스킬,얼음,"무적판정, 급랭 충전 획득",,,
강화특수스킬: 샤크나미,엘렌,특수스킬,강화특수스킬,얼음,"무적판정, 급랭 충전 획득",,,
콤보스킬: 눈사태,엘렌,콤보공격,콤보스킬,얼음,무적판정,,,
궁극기: 영원한 겨울의 향연,엘렌,궁극기,궁극기,얼음,무적판정,,,
핵심패시브: 날카로운 이빨,엘렌,핵심스킬,핵심패시브,,치명타피해증가,,,
추가능력: 폭풍 해일,엘렌,핵심스킬,추가능력,,"피해증가, 치명타확률증가",,,"속성시너지-얼음, 진영시너지, 클래스 시너지-격파"
기본공격: 암연의 사중주,휴고,일반공격,기본공격,"물리, 얼음",,,,
차지공격: 암연의 협주곡,휴고,일반공격,차지공격,얼음,"경직저항증가, 받는피해감소",,,
회피: 기만의 그림자,휴고,회피스킬,회피,,무적판정,,,
대시공격: 기만의 그림자·파괴,휴고,회피스킬,대시공격,물리,,,,
회피반격: 기만의 그림자·베기,휴고,회피스킬,회피반격,얼음,"무적판정, 경직저항증가, 받는피해감소",,,
빠른지원: 장송곡,휴고,지원스킬,빠른지원,얼음,"무적판정, 빠른지원, 경직저항증가, 받는피해감소",,,
패링지원: 죽음은 아직 오지 않았다,휴고,지원스킬,패링지원,,"무적판정, 패링, 높은그로기배율",,,
지원돌격: 역전의 카드,휴고,지원스킬,지원돌격,얼음,무적판정,,,
특수스킬: 혼령 사냥·단죄,휴고,특수스킬,특수스킬,얼음,경직저항증가,,,
강화특수스킬: 혼령 사냥·징벌,휴고,특수스킬,강화특수스킬,얼음,"무적판정, 그로기수치증가, 결산",,,
콤보스킬: 운명의 트릭,휴고,콤보공격,콤보스킬,얼음,"무적판정, 암연의 메아리 획득",,,
궁극기: 신을 모독한 자,휴고,궁극기,궁극기,얼음,"무적판정, 결산",,,
핵심패시브: 종말의 심판,휴고,핵심스킬,핵심패시브,,"치명타확률증가, 치명타피해증가, 공격력증가, 그로기배율증가",,,클래스 시너지-격파
추가능력: 종언의 서곡,휴고,핵심스킬,추가능력,,"피해증가, 에너지회복, 치명타확률증가, 치명타피해증가",,,"클래스 시너지-격파, 속성시너지-얼음"
기본공격: 망연함을 깨부수는 침격,이드하리,일반공격,기본공격,얼음,HP회복,,,
차지공격: 서릿발의 포옹,이드하리,일반공격,차지공격,얼음,"HP소모, 경직저항증가",,,
회피: 움직이는 꿈,이드하리,회피스킬,회피,,무적판정,,,
대시공격: 요동치는 서릿발,이드하리,회피스킬,대시공격,얼음,,,,
회피반격: 얼음의 잔향,이드하리,회피스킬,회피반격,얼음,무적판정,,,
빠른지원: 단상,이드하리,지원스킬,빠른지원,얼음,경직저항증가,,,
패링지원: 섬진같은 방어,이드하리,지원스킬,패링지원,,"무적판정, 패링, 높은그로기배율",,,
지원돌격: 한기 서린 통격,이드하리,지원스킬,지원돌격,얼음,무적판정,,,
특수스킬: 추격하는 한기,이드하리,특수스킬,특수스킬,얼음,"경직저항증가, 한기, 추격",,,
강화특수스킬: 서리감기,이드하리,특수스킬,강화특수스킬,얼음,"무적판정, HP회복",기운,,
강화특수스킬: 극한의 중압,이드하리,특수스킬,강화특수스킬,얼음,"무적판정, HP회복, 기운회복",기운,,
콤보스킬: 서리를 뒤흔드는 돌격,이드하리,콤보공격,콤보스킬,얼음,무적판정,,,
콤보스킬: 한랭의 맹세,이드하리,콤보공격,콤보스킬,얼음,무적판정,,,에테르 장막·용천
궁극기: 종막·망연한 꿈을 건너,이드하리,궁극기,궁극기,얼음,"무적판정, 에테르 장막·용천 진입",,,
핵심패시브: 꿈을 줍는 공상,이드하리,핵심스킬,핵심패시브,,"관통력 증가, 방어력무시, 기운회복, 피해증가",,,
추가능력: 완성형 서사,이드하리,핵심스킬,추가능력,,"치명타피해증가, 받는피해감소",,,"클래스 시너지-격파, 클래스 시너지-지원"
기본공격: 냉엄한 심판,자오,일반공격,기본공격,"물리, 얼음",,,,
차지공격: 최후의 심판,자오,일반공격,차지공격,얼음,"경직저항증가, 받는피해감소, 무적판정, 빠른지원",서릿발 게이지,,에테르 장막·용천
빠른지원: 날쌘 토끼 걸음,자오,지원스킬,빠른지원,,무적판정,,,
대시공격: 깡총 대시,자오,회피스킬,대시공격,"물리, 얼음",,,,
회피반격: 찰나의 섬광,자오,회피스킬,회피반격,얼음,무적판정,,,
특수스킬: 서리 폭발,자오,특수스킬,특수스킬,얼음,"무적판정, 에테르 장막·용천 진입, 빠른지원",서릿발 게이지,,에테르 장막·용천
강화특수스킬: 보완,자오,특수스킬,강화특수스킬,얼음,무적판정,,,
패링지원: 압도적인 서리달,자오,지원스킬,패링지원,,"무적판정, 패링, 높은그로기배율, 지원 포인트 소모 감소",,,
지원돌격: 차가운 빛의 반조,자오,지원스킬,지원돌격,얼음,"무적판정, 에테르 장막·용천 진입, 빠른지원",서릿발 게이지,,에테르 장막·용천
콤보스킬: 쇄빙의 한기,자오,콤보공격,콤보스킬,얼음,"HP소모, 파티원 회복",,,
궁극기: 얼어붙은 땅,자오,궁극기,궁극기,얼음,"무적판정, HP소모, 파티원 회복, 서릿발 게이지 획득",서릿발 게이지,,에테르 장막·용천
핵심패시브: 임시 협력,자오,핵심스킬,핵심패시브,얼음,"무적판정, 서릿발 게이지 획득, 빠른지원",서릿발 게이지,,에테르 장막·용천
추가능력: 토끼 연참,자오,핵심스킬,추가능력,얼음,"무적판정, 서릿발 게이지 획득, 빠른지원",서릿발 게이지,,에테르 장막·용천
핵심패시브: 최고의 동료,자오,핵심스킬,핵심패시브,,"치명타확률증가, 서릿발 게이지 획득, 파티HP증가, 파티공격력증가",,,에테르 장막·용천
추가능력: 응집력,자오,핵심스킬,추가능력,,"파티원피해증가, 공격력증가, 파티공격력증가, 파티관통률증가",,,"클래스 시너지-강공, 클래스 시너지-이상, 클래스 시너지-지원"
기본공격: 고압 네일 슈팅,그레이스,일반공격,기본공격,"물리, 전기",,,,
회피: 안전 조항,그레이스,회피스킬,회피,,무적판정,,,
대시공격: 돌격 점검,그레이스,회피스킬,대시공격,물리,,,,
회피반격: 규정 위반 처벌,그레이스,회피스킬,회피반격,전기,무적판정,,,
빠른지원: 사고 해결 방법,그레이스,지원스킬,빠른지원,전기,무적판정,,,
패링지원: 빠른 리스크 대응,그레이스,지원스킬,패링지원,,"무적판정, 극한 시야",,,
지원돌격: 전기침 반격,그레이스,지원스킬,지원돌격,전기,무적판정,,,
특수스킬: 공사 장애물 제거,그레이스,특수스킬,특수스킬,전기,경직저항증가,,,
강화특수스킬: 규격 외 공사 장애물 제거,그레이스,특수스킬,강화특수스킬,전기,무적판정,,,
콤보스킬: 건설 합작,그레이스,콤보공격,콤보스킬,전기,무적판정,,,
궁극기: 폭파 작업 중 접근 금지,그레이스,궁극기,궁극기,전기,무적판정,,,
핵심패시브: 프리 드라이버 격침,그레이스,핵심스킬,핵심패시브,,"전력 획득, 이상축적효율증가",전력,,
추가능력: 기술 지원 부서,그레이스,핵심스킬,추가능력,,"속성이상피해증가",,,"속성시너지-전기, 진영시너지"
차지공격: 바보 쫓아내기,리나,일반공격,차지공격,전기,경직저항증가,,,"드루실라, 아나스타샤"
회피: 치맛자락 정리,리나,회피스킬,회피,,무적판정,,,
대시공격: 깜짝 서프라이즈,리나,회피스킬,대시공격,물리,,,,
회피반격: 「Bangboo」 회생,리나,회피스킬,회피반격,전기,무적판정,,,
빠른지원: 두 박자의 알망드,리나,지원스킬,빠른지원,전기,무적판정,,,
패링지원: 세 박자의 쿠랑트,리나,지원스킬,패링지원,,"무적판정, 극한 시야",,,
지원돌격: 네 박자의 가보트,리나,지원스킬,지원돌격,전기,무적판정,,,
특수스킬: 바보 묵사발 만들기,리나,특수스킬,특수스킬,전기,경직저항증가,,,
강화특수스킬: 바보가 사라지는 마법,리나,특수스킬,강화특수스킬,전기,"무적판정, 빠른지원",,,
콤보스킬: 시종의 수칙,리나,콤보공격,콤보스킬,전기,"무적판정, 빠른지원",,,"드루실라, 아나스타샤"
궁극기: 여왕의 시종들,리나,궁극기,궁극기,전기,"무적판정, 에너지회복, 빠른지원",,,"드루실라, 아나스타샤"
핵심패시브: 미니 파괴 파트너,리나,핵심스킬,핵심패시브,,파티관통률증가,,,"드루실라, 아나스타샤"
추가능력: 완벽한 무도회,리나,핵심스킬,추가능력,,"전기 속성 피해증가",,감전,"속성시너지-전기, 진영시너지"
기본공격: 볼트 속공,엔비,일반공격,기본공격,"물리, 전기",,,,
차지공격: 낙뢰,엔비,일반공격,차지공격,전기,경직저항증가,,,
회피: 슬라이드 스텝,엔비,회피스킬,회피,,무적판정,,,
대시공격: 아크 블라스트,엔비,회피스킬,대시공격,물리,,,,
회피반격: 전광석화,엔비,회피스킬,회피반격,전기,무적판정,,,
빠른지원: 내려치는 번개,엔비,지원스킬,빠른지원,전기,무적판정,,,
패링지원: 번개가 번쩍,엔비,지원스킬,패링지원,,"무적판정, 패링, 높은그로기배율",,,
지원돌격: 회오리 번개,엔비,지원스킬,지원돌격,전기,무적판정,,,
특수스킬: 전광 베기,엔비,특수스킬,특수스킬,전기,경직저항증가,,,
강화특수스킬: 창뢰 베기,엔비,특수스킬,강화특수스킬,전기,무적판정,,,
콤보스킬: 전자 엔진,엔비,콤보공격,콤보스킬,전기,무적판정,,,
궁극기: 엔진 과부하,엔비,궁극기,궁극기,전기,무적판정,,,
핵심패시브: 파동 전압,엔비,핵심스킬,핵심패시브,,그로기수치증가,,,
추가능력: 병렬 회로,엔비,핵심스킬,추가능력,,"에너지회복, 피해증가, 그로기수치증가",,,"속성시너지-전기, 진영시너지"
기본공격: 열정적인 근무 체조,앤톤,일반공격,기본공격,물리,,,,
회피: 움직이자고,앤톤,회피스킬,회피,,무적판정,,,
대시공격: 강경 대응,앤톤,회피스킬,대시공격,물리,,,,
회피반격: 답례 펀치,앤톤,회피스킬,회피반격,물리,무적판정,,,
회피반격: 과부하 드릴(폭발 상태),앤톤,회피스킬,회피반격,전기,"무적판정, 드릴 공격",,,
빠른지원: 함께 싸우는 거야,앤톤,지원스킬,빠른지원,물리,무적판정,,,
빠른지원: 지원 드릴(폭발 상태),앤톤,지원스킬,빠른지원,전기,"무적판정, 드릴 공격",,,
패링지원: 강철 손목,앤톤,지원스킬,패링지원,,"무적판정, 패링, 높은그로기배율, 지원 포인트 소모 감소",,,
지원돌격: 극한 돌진,앤톤,지원스킬,지원돌격,전기,"무적판정, 드릴 공격, 스파이크 공격",,,
"특수스킬: 돌아보자고, 친구!",앤톤,특수스킬,특수스킬,전기,"경직저항증가, 스파이크 공격",,,
"강화특수스킬: 하늘 높이 오르자고, 친구!",앤톤,특수스킬,강화특수스킬,전기,"무적판정, 폭발 상태 진입, 스파이크 공격",,,
특수스킬: 폭발 드릴(폭발 상태),앤톤,특수스킬,특수스킬,전기,"경직저항증가, 스파이크 공격",,,
콤보스킬: 빙글빙글!,앤톤,콤보공격,콤보스킬,전기,"무적판정, 스파이크 공격",,,
궁극기: 빙글빙글 돌아라!,앤톤,궁극기,궁극기,전기,"무적판정, 스파이크 공격",,,
핵심패시브: 형제 단합!,앤톤,핵심스킬,핵심패시브,,피해증가,,,"스파이크 공격, 드릴 공격"
추가능력: 한마음 한뜻,앤톤,핵심스킬,추가능력,,"에너지회복, 속성이상피해증가",,,"속성시너지-전기, 진영시너지"
기본공격: 일살,청의,일반공격,기본공격,"물리, 전기","경직저항증가, 받는피해감소",,,
차지공격: 취화운,청의,일반공격,차지공격,전기,경직저항증가,,,
일반공격: 취화월운전,청의,일반공격,강화차지공격,전기,"경직저항증가, 받는피해감소, 무적판정",섬락전압,,섬락전압
회피: 기러기가 남긴 소리,청의,회피스킬,회피,,무적판정,,,
대시공격: 입파,청의,회피스킬,대시공격,물리,,,,
회피반격: 다하지 못한 뜻,청의,회피스킬,회피반격,전기,무적판정,,,
빠른지원: 바람에 스친 소나무,청의,지원스킬,빠른지원,전기,무적판정,,,
패링지원: 비단 위의 꽃,청의,지원스킬,패링지원,,"무적판정, 패링, 높은그로기배율, 지원 포인트 소모 감소",,,
지원돌격: 맑은 강의 노래,청의,지원스킬,지원돌격,전기,무적판정,,,
특수스킬: 주금당,청의,특수스킬,특수스킬,전기,경직저항증가,,,
강화특수스킬: 달에 걸린 해당화,청의,특수스킬,강화특수스킬,전기,무적판정,,,
콤보스킬: 태평령,청의,콤보공격,콤보스킬,전기,"무적판정, 정복 비례 피해증가",,,정복
궁극기: 팔성감주,청의,궁극기,궁극기,전기,무적판정,,,
핵심패시브: 천추의 세월,청의,핵심스킬,핵심패시브,,그로기약체화배율증가,,정복,정복
추가능력: 양관삼첩,청의,핵심스킬,추가능력,,"그로기수치증가, 공격력증가, 치명타확률증가, 섬락전압 획득",,방어력감소,"클래스 시너지-강공, 진영시너지, 섬락전압"
기본공격: 뇌정 참격,세스,일반공격,기본공격,"물리, 전기",,,,
차지공격: 뇌정 참격-감전,세스,일반공격,차지공격,전기,"경직저항증가, 이전 캐릭터 빠른지원",기합,,
회피: 장애물 회피,세스,회피스킬,회피,,무적판정,,,
대시공격: 전광 기습,세스,회피스킬,대시공격,물리,받는피해감소,,,
회피반격: 전진을 위한 후퇴,세스,회피스킬,회피반격,전기,무적판정,,,
빠른지원: 무력 지원,세스,지원스킬,빠른지원,전기,무적판정,,,
패링지원: 뇌음 방패,세스,지원스킬,패링지원,,"무적판정, 패링, 높은그로기배율, 지원 포인트 소모 감소, 기합 획득",,,
지원돌격: 치안 판결,세스,지원스킬,지원돌격,전기,"무적판정, 이전 캐릭터 빠른지원",,,
특수스킬: 전광 방패 돌격,세스,특수스킬,특수스킬,전기,경직저항증가,,,
강화특수스킬: 전광 방패 돌격-고압,세스,특수스킬,강화특수스킬,전기,"무적판정, 경직저항증가, 받는피해감소, 기합 획득",,,
콤보스킬: 최종 제재,세스,콤보공격,콤보스킬,전기,"무적판정, 기합 획득",,,
궁극기: 정의는 반드시 승리한다,세스,궁극기,궁극기,전기,"무적판정, 기합 획득, 지원포인트회복",,,
핵심패시브: 수호자,세스,핵심스킬,핵심패시브,,"파티원 실드, 이상마스터리증가",,,굳건한 방패
추가능력: 왕성한 기합,세스,핵심스킬,추가능력,,,,속성축적저항감소,"속성시너지-전기, 진영시너지"
기본공격: 달의 신에게 바치는 가무,야나기,일반공격,기본공격,"물리, 전기","경직저항증가, 전기속성피해증가, 관통률증가",,,
회피: 흐르는 안개,야나기,회피스킬,회피,,무적판정,,,
대시공격: 스침,야나기,회피스킬,대시공격,물리,,,,
회피반격: 신속한 반격,야나기,회피스킬,회피반격,전기,무적판정,,,
빠른지원: 우아한 참격,야나기,지원스킬,빠른지원,전기,무적판정,,,
패링지원: 달빛 반격,야나기,지원스킬,패링지원,,"무적판정, 패링, 높은그로기배율",,,
지원돌격: 흩날리는 칼,야나기,지원스킬,지원돌격,전기,무적판정,,,
특수스킬: 변천,야나기,특수스킬,특수스킬,전기,"경직저항증가, 가드판정",,,
강화특수스킬: 달빛의 변천,야나기,특수스킬,강화특수스킬,전기,"무적판정, 삼라만상 진입",,극성 혼돈,
콤보스킬: 별과 달과 함께,야나기,콤보공격,콤보스킬,전기,무적판정,,,
궁극기: 번쩍이는 번개의 그림자,야나기,궁극기,궁극기,전기,무적판정,,극성 혼돈,
핵심패시브: 월식,야나기,핵심스킬,핵심패시브,,"이상피해증가, 전기속성피해증가",,,클래스 시너지-이상
추가능력: 달의 위상,야나기,핵심스킬,추가능력,,"이상축적효율증가, 이상마스터리증가, 통찰 획득",,,"클래스 시너지-이상, 속성시너지-전기"
기본공격: 구름을 뚫고,하루마사,일반공격,기본공격,"물리, 전기",전기 큐브 획득,,,
차지공격: 구름을 뚫고·이동,하루마사,일반공격,차지공격,물리,,,,
강화차지공격: 떨어지는 날개,하루마사,일반공격,강화차지공격,전기,,,,
일반공격: 갑시와 을시,하루마사,일반공격,일반공격,전기,,전기 큐브,전기 감옥,
회피: 찰나,하루마사,회피스킬,회피,,무적판정,,,
대시공격: 비상하는 활시위,하루마사,회피스킬,대시공격,물리,,,,
회피반격: 숨겨진 검,하루마사,회피스킬,회피반격,전기,무적판정,,,
대시공격: 비상하는 활시위·베기,하루마사,회피스킬,대시공격,전기,"경직저항증가, 받는피해감소",,,
빠른지원: 팽팽한 활시위,하루마사,지원스킬,빠른지원,전기,무적판정,,,
패링지원: 방어 태세,하루마사,지원스킬,패링지원,,"무적판정, 패링, 높은그로기배율",,,
지원돌격: 방어 태세·베기,하루마사,지원스킬,지원돌격,전기,무적판정,,,
특수스킬: 천라,하루마사,특수스킬,특수스킬,전기,경직저항증가,,,
강화특수스킬: 지망,하루마사,특수스킬,강화특수스킬,전기,"무적판정, 전기 큐브 획득",,,
콤보스킬: 만남·이별,하루마사,콤보공격,콤보스킬,전기,"무적판정, 전기 큐브 획득",,,
궁극기: 잔심,하루마사,궁극기,궁극기,전기,무적판정,,,
핵심패시브: 여명,하루마사,핵심스킬,핵심패시브,,"치명타확률증가, 치명타피해증가, 예기 획득",,,
추가능력: 오버클럭,하루마사,핵심스킬,추가능력,,"피해증가, 번갯불 획득",,전기 감옥,"클래스 시너지-격파, 클래스 시너지-이상"
기본공격: 꿰뚫는 전격,0호·엔비,일반공격,기본공격,전기,,,,
회피: 섬전,0호·엔비,회피스킬,회피,,무적판정,,,
대시공격: 단류,0호·엔비,회피스킬,대시공격,전기,,,,
회피반격: 접지 회격,0호·엔비,회피스킬,회피반격,전기,무적판정,,,
빠른지원: 운간 방전,0호·엔비,지원스킬,빠른지원,전기,무적판정,,,
패링지원: 역극성 반격,0호·엔비,지원스킬,패링지원,,"무적판정, 패링, 높은그로기배율",,,
지원돌격: 벽력 돌진,0호·엔비,지원스킬,지원돌격,전기,무적판정,,,
특수스킬: 별빛 천둥,0호·엔비,특수스킬,특수스킬,전기,경직저항증가,,,
강화특수스킬: 푸른빛,0호·엔비,특수스킬,강화특수스킬,전기,"무적판정, 여진 공격",백뢰,은빛 별,
특수스킬: 뇌극,0호·엔비,특수스킬,특수스킬,전기,여진 공격,백뢰,,
강화특수스킬: 하늘을 가르는 번개,0호·엔비,특수스킬,강화특수스킬,전기,"무적판정, 은빛 별 최대 충전",,,
콤보스킬: 치닫는 낙뢰,0호·엔비,콤보공격,콤보스킬,전기,무적판정,,,
궁극기: 창공을 베는 전광,0호·엔비,궁극기,궁극기,전기,"무적판정, 은빛 별 최대 충전",,,
핵심패시브: 전위차,0호·엔비,핵심스킬,핵심패시브,,"피해증가, 치명타피해증가",,,
추가능력: 유전분극,0호·엔비,핵심스킬,추가능력,,치명타확률증가,,,"여진 공격, 클래스 시너지-격파, 클래스 시너지-지원"
기본공격: 콜드 보어·사격,트리거,일반공격,기본공격,"물리, 전기",,,,
차지공격: 소리 없는 저격,트리거,일반공격,차지공격,전기,"무적판정, 이전 캐릭터 빠른지원, 결의 획득",,,
강화차지공격: 저격의 협주,트리거,일반공격,강화차지공격,전기,"무적판정, 오프필드 발동, 여진 공격",결의,,
일반공격: 저격의 협주·지옥,트리거,일반공격,일반공격,전기,"무적판정, 오프필드 발동, 여진 공격",결의,,
회피: 숨겨진 혼,트리거,회피스킬,회피,,무적판정,,,
대시공격: 원혼의 귀환,트리거,회피스킬,대시공격,물리,,,,
회피반격: 망혼의 벌,트리거,회피스킬,회피반격,전기,무적판정,,,
빠른지원: 콜드 보어·엄호,트리거,지원스킬,빠른지원,전기,무적판정,,,
패링지원: 생사의 경계선,트리거,지원스킬,패링지원,,"무적판정, 패링, 높은그로기배율",,,
지원돌격: 심장을 뚫는 우레,트리거,지원스킬,지원돌격,전기,무적판정,,,
특수스킬: 그윽한 섬광,트리거,특수스킬,특수스킬,전기,경직저항증가,,,
강화특수스킬: 그윽한 꽃의 장례,트리거,특수스킬,강화특수스킬,전기,"무적판정, 이전 캐릭터 빠른지원, 공조 상태 진입",,,
콤보스킬: 스틱스의 인도,트리거,콤보공격,콤보스킬,전기,무적판정,,,
궁극기: 저승의 만가,트리거,궁극기,궁극기,전기,"무적판정, 이전 캐릭터 빠른지원, 공조 상태 진입",,,
핵심패시브: 허를 찌르는 눈동자,트리거,핵심스킬,핵심패시브,,그로기약체화배율증가,,,여진 공격
추가능력: 은빛 등과 영안,트리거,핵심스킬,추가능력,,그로기배율증가,,,"여진 공격, 클래스 시너지-강공, 속성시너지-전기"
기본공격: 국화꽃의 윤무,시드,일반공격,기본공격,"물리, 전기",,,,
일반공격: 낙화·도륙,시드,일반공격,강화차지공격,전기,무적판정,강철 에너지,,
일반공격: 낙화·붕괴,시드,일반공격,일반공격,전기,무적판정,강철 에너지,,
회피: 꽃잎 위를 노닐다,시드,회피스킬,회피,,무적판정,,,
대시공격: 전자의 윤무,시드,회피스킬,대시공격,물리,,,,
회피반격: 갈라진 꽃받침,시드,회피스킬,회피반격,전기,무적판정,,,
빠른지원: 꽃비 집중 사격,시드,지원스킬,빠른지원,전기,무적판정,,,
패링지원: 어린 꽃의 배리어,시드,지원스킬,패링지원,,"무적판정, 패링, 높은그로기배율",,,
지원돌격: 붉은 코어의 폭렬,시드,지원스킬,지원돌격,전기,무적판정,,,
특수스킬: 푸른 서리의 영락,시드,특수스킬,특수스킬,전기,,,,
강화특수스킬: 강철 꽃잎과 비의 장막,시드,특수스킬,강화특수스킬,전기,무적판정,,,
강화특수스킬: 강철 꽃잎과 비의 장막·이별,시드,특수스킬,강화특수스킬,전기,무적판정,,,
콤보스킬: 서리 꽃잎의 폭풍,시드,콤보공격,콤보스킬,전기,무적판정,,,
궁극기: 기계식 꽃밭·만개,시드,궁극기,궁극기,전기,"무적판정, 강철 에너지 획득",,,
핵심패시브: 꽃사슬의 협약,시드,핵심스킬,핵심패시브,,"공격력증가, 치명타피해증가, 피해증가",,,"정공, 클래스 시너지-강공"
추가능력: 급습 작전,시드,핵심스킬,추가능력,,"피해증가, 방어력무시",,,"클래스 시너지-강공"
기본공격: 교활한 토끼 연타,니콜,일반공격,기본공격,물리,,,,
차지공격: 내 맘대로,니콜,일반공격,차지공격,에테르,,,,
회피: 달아나는 토끼,니콜,회피스킬,회피,,무적판정,,,
대시공격: 깜짝 언박싱,니콜,회피스킬,대시공격,물리,,,,
회피반격: 견제 포격,니콜,회피스킬,회피반격,에테르,무적판정,,,
빠른지원: 응급 포격,니콜,지원스킬,빠른지원,에테르,무적판정,,,
패링지원: 교활한 토끼 출동!,니콜,지원스킬,패링지원,,"무적판정, 패링, 높은그로기배율",,,
지원돌격: 기회다,니콜,지원스킬,지원돌격,에테르,무적판정,,,
특수스킬: 사탕발림 포탄,니콜,특수스킬,특수스킬,에테르,경직저항증가,,,
강화특수스킬: 빵빵한 사탕발림 포탄,니콜,특수스킬,강화특수스킬,에테르,"무적판정, 에너지장, 빠른지원",,,
콤보스킬: 고가 에테르 폭탄,니콜,콤보공격,콤보스킬,에테르,"무적판정, 에너지장, 빠른지원",,,
궁극기: 특제 에테르 유탄,니콜,궁극기,궁극기,에테르,"무적판정, 에너지장, 에너지회복, 빠른지원",,,
핵심패시브: 트릭 상자,니콜,핵심스킬,핵심패시브,,,,방어력감소,
추가능력: 교토삼굴,니콜,핵심스킬,추가능력,,에테르피해증가,,,"진영시너지, 속성시너지-에테르"
기본공격: 꼼짝 마!,주연,일반공격,기본공격,"물리, 에테르",강화 산탄 획득,,,
차지공격: 저항 금지,주연,일반공격,차지공격,"물리, 에테르",,강화 산탄,,
회피: 우회,주연,회피스킬,회피,,무적판정,,,
대시공격: 화력 기습,주연,회피스킬,대시공격,에테르,,,,
대시공격: 화력 제압,주연,회피스킬,대시공격,"물리, 에테르",,강화 산탄,,
회피반격: 화력 폭발,주연,회피스킬,회피반격,에테르,"무적판정, 강화 산탄 획득",,,
빠른지원: 엄호 사격,주연,지원스킬,빠른지원,에테르,"무적판정, 강화 산탄 획득",,,
패링지원: 경계 지원,주연,지원스킬,패링지원,,"무적판정, 극한 시야",,,
지원돌격: 정당방위,주연,지원스킬,지원돌격,"물리, 에테르","무적판정, 강화 산탄 획득",,,
특수스킬: 벅샷 사격,주연,특수스킬,특수스킬,에테르,경직저항증가,,,
강화특수스킬: 벅샷 연사,주연,특수스킬,강화특수스킬,에테르,"무적판정, 강화 산탄 획득",,,
콤보스킬: 섬멸 모드,주연,콤보공격,콤보스킬,에테르,"무적판정, 강화 산탄 획득",,,
궁극기: 섬멸 모드 MAX,주연,궁극기,궁극기,에테르,"무적판정, 강화 산탄 획득",,,
핵심패시브: 특수 탄약,주연,핵심스킬,핵심패시브,,피해증가,,,제압 모드
추가능력: 무장 협력,주연,핵심스킬,추가능력,,치명타확률증가,,,"클래스 시너지-지원, 진영시너지"
기본공격: 〈카프리치오〉,아스트라,일반공격,기본공격,에테르,,,,
차지공격: 간주,아스트라,일반공격,차지공격,에테르,빠른지원,,,
회피반격: 코러스,아스트라,회피스킬,회피반격,에테르,"무적판정, 빠른지원",,,
강화특수스킬: 피날레,아스트라,특수스킬,강화특수스킬,에테르,파티공격력증가,,,
회피: 〈미니 왈츠〉,아스트라,회피스킬,회피,,무적판정,,,
대시공격: 〈이클립스 멜로디〉,아스트라,회피스킬,대시공격,에테르,,,,
회피반격: 〈엄브렐라 왈츠〉,아스트라,회피스킬,회피반격,에테르,무적판정,,,
빠른지원: 〈하늘을 수놓은 불꽃〉,아스트라,지원스킬,빠른지원,에테르,무적판정,,,
패링지원: 〈두 사람의 마음〉,아스트라,지원스킬,패링지원,,"무적판정, 극한 시야",,,
지원돌격: 〈삼생을 거친 첫 만남〉,아스트라,지원스킬,지원돌격,에테르,무적판정,,,
특수스킬: 〈풍령과 오랜 약속〉,아스트라,특수스킬,특수스킬,에테르,"무적판정, 빠른지원, 아이들릭 카덴차 진입",,,
콤보스킬: 〈취중 협주곡〉,아스트라,콤보공격,콤보스킬,에테르,"무적판정, 아이들릭 카덴차 진입",,,
궁극기: 〈환상 소나타〉,아스트라,궁극기,궁극기,에테르,"무적판정, 파티원 회복, 아이들릭 카덴차 진입",,,
핵심패시브: 〈안단테 칸타빌레〉,아스트라,핵심스킬,핵심패시브,,"공격력증가, 파티공격력증가",,,
추가능력: 〈달빛 아래 난무〉,아스트라,핵심스킬,추가능력,,,전 속성 피해저항감소,,"클래스 시너지-강공, 클래스 시너지-이상, 클래스 시너지-명파"
기본공격: 깃털의 쓸림,비비안,일반공격,기본공격,"물리, 에테르",숙녀의 예법 진입,,,
차지공격: 숙녀의 예법·스텝,비비안,일반공격,차지공격,에테르,"무적판정, 비상의 깃 획득",,,숙녀의 예법
강화차지공격: 떠오르는 치맛자락·낙하,비비안,일반공격,강화차지공격,에테르,"무적판정, 수호의 깃 획득",비상의 깃,,
일반공격: 흩날리는 깃과 꽃,비비안,일반공격,일반공격,에테르,오프필드 발동,수호의 깃,,
회피: 유광,비비안,회피스킬,회피,,무적판정,,,
숙녀의 슬라이딩 스텝,비비안,회피스킬,회피,,"무적판정, 자동 회피",,,숙녀의 예법
대시공격: 은색 가시의 무곡,비비안,회피스킬,대시공격,물리,,,,
회피반격: 깃날의 반동,비비안,회피스킬,회피반격,"물리, 에테르","무적판정, 숙녀의 예법 진입",,,
빠른지원: 늠름한 깃털의 수호,비비안,지원스킬,빠른지원,"물리, 에테르","무적판정, 숙녀의 예법 진입",,,
패링지원: 은빛 양산 대열,비비안,지원스킬,패링지원,,"무적판정, 패링, 높은그로기배율",,,
지원돌격: 심판의 깃날,비비안,지원스킬,지원돌격,에테르,"무적판정, 비상의 깃 획득",,,
특수스킬: 은색 깃털의 노래,비비안,특수스킬,특수스킬,"물리, 에테르",경직저항증가,,,
강화특수스킬: 제비꽃의 애도,비비안,특수스킬,강화특수스킬,에테르,"무적판정, 비상의 깃 획득, 숙녀의 예법 진입",,,
콤보스킬: 별과 깃털의 화음,비비안,콤보공격,콤보스킬,에테르,"무적판정, 비상의 깃 획득",,,
궁극기: 비조의 송가,비비안,궁극기,궁극기,에테르,"무적판정, 비상의 깃 획득",,,
핵심패시브: 운명의 비가,비비안,핵심스킬,핵심패시브,,속성이상피해증가,,비비안의 예언,클래스 시너지-이상
추가능력: 예언의 눈물,비비안,핵심스킬,추가능력,,속성이상피해증가,,,"클래스 시너지-이상, 속성시너지-에테르"
기본공격: 운소의 형태,의현,일반공격,기본공격,에테르,"경직저항증가, 현묵",,,
차지공격: 드리우는 먹빛 구름,의현,일반공격,차지공격,에테르,"경직저항증가, 받는피해감소, 현묵",,,
강화차지공격: 현묵진법,의현,일반공격,강화차지공격,에테르,"무적판정, 극한 시야, 기운회복, 현묵",현묵,,
일반공격: 청명의 뇌동,의현,일반공격,일반공격,에테르,"무적판정, 현묵",,,
회피: 은무 은신법,의현,회피스킬,회피,,무적판정,,,
대시공격: 하늘을 찌르는 기세,의현,회피스킬,대시공격,에테르,현묵,,,
회피반격: 맑은 하늘과의 동행,의현,회피스킬,회피반격,,"무적판정, 경신 상태 진입",,,
회피반격: 사수 척결,의현,회피스킬,회피반격,에테르,"무적판정, 현묵",,,
빠른지원: 유운의 그림자,의현,지원스킬,빠른지원,에테르,"무적판정, 현묵",,,
패링지원: 청천의 경지,의현,지원스킬,패링지원,,"무적판정, 패링, 높은그로기배율",,,
지원돌격: 천상의 공세,의현,지원스킬,지원돌격,에테르,"무적판정, 현묵",,,
특수스킬: 잿빛 그림자의 비전,의현,특수스킬,특수스킬,에테르,"경직저항증가, 현묵",,,
강화특수스킬: 먹빛 흔적의 형체,의현,특수스킬,강화특수스킬,에테르,"무적판정, 패링, 현묵",,,
강화특수스킬: 짙은 구름의 술,의현,특수스킬,강화특수스킬,에테르,"무적판정, 극한 시야, 현묵",,,
강화특수스킬: 먹과 함께 사라져라,의현,특수스킬,강화특수스킬,에테르,"무적판정, 현묵",,,
콤보스킬: 현묵 속공,의현,콤보공격,콤보스킬,에테르,"무적판정, 현묵",,,
궁극기: 청명과 운영,의현,궁극기,궁극기,에테르,"무적판정, 파티원 회복, 현묵",,,
궁극기: 천 겹의 부적,의현,궁극기,궁극기,에테르,"무적판정, 파티원 회복, 현묵",술법,,
핵심패시브: 술법의 대가,의현,핵심스킬,핵심패시브,,"관통률증가, 피해증가, 방어력무시",,,클래스 시너지-명파
추가능력: 일렁이는 현묵,의현,핵심스킬,추가능력,,"치명타피해증가, 피해증가",,,"클래스 시너지-격파, 클래스 시너지-지원, 클래스 시너지-방어"
일반공격: 별 궤적 콤보,루시아,일반공격,기본공격,에테르,"꿈세계 게이지 획득, 에테르 장막·용천 진입",,,
회피: 그림자 끌기,루시아,회피스킬,회피,,무적판정,,,
대시공격: 굴절,루시아,회피스킬,대시공격,에테르,,,,
회피반격: 스타더스트 에코,루시아,회피스킬,회피반격,에테르,"무적판정, 꿈세계 게이지 획득, 에테르 장막·용천 진입",,,
빠른지원: 짙은 안개 강공격,루시아,지원스킬,빠른지원,에테르,"무적판정, 꿈세계 게이지 획득, 에테르 장막·용천 진입",,,
패링지원: 환몽의 소리,루시아,지원스킬,패링지원,,"무적판정, 패링, 높은그로기배율",,,
지원돌격: 꿈을 그리는 목소리,루시아,지원스킬,지원돌격,에테르,"무적판정, 꿈세계 게이지 획득, 에테르 장막·용천 진입",,,
특수스킬: 사신 협주곡·폭풍,루시아,특수스킬,특수스킬,에테르,"꿈세계 게이지 획득, 에테르 장막·용천 진입",,,
강화특수스킬: 사신 협주곡·여명,루시아,특수스킬,강화특수스킬,에테르,"무적판정, 파티관통력증가, 꿈세계 게이지 획득, 에테르 장막·용천 진입",,,
콤보스킬: 찬란한 극장,루시아,콤보공격,콤보스킬,에테르,"무적판정, 꿈세계 게이지 획득, 에테르 장막·용천 진입",,,
궁극기: 돌격 대갑주!,루시아,궁극기,궁극기,에테르,"무적판정, 파티원 회복, 꿈세계 게이지 획득, 에테르 장막·용천 진입",,,
핵심패시브: 길 잃은 밤의 찬가,루시아,핵심스킬,핵심패시브,,"파티원피해증가, 파티HP증가, 오프필드 발동",,,
추가능력: 장야의 시편,루시아,핵심스킬,추가능력,,치명타피해증가,,,"클래스 시너지-명파, 클래스 시너지-격파"
일반공격: 감미로운 멜로디,아리아,일반공격,기본공격,에테르,응원 에너지 생성,,,
일반공격: 절대 음감,아리아,일반공격,차지공격,에테르,"무적판정, 경직저항증가, 받는피해감소, 응원 에너지 흡수",,,
빠른지원: 정확한 박자,아리아,회피스킬,회피,,무적판정,,,
패링지원: 부드러운 연계,아리아,회피스킬,대시공격,에테르,,,,
지원돌격: 매끄러운 변주,아리아,회피스킬,회피반격,에테르,무적판정,,,
특수스킬: 조각난 꿈,아리아,지원스킬,빠른지원,에테르,무적판정,,,
강화특수스킬: 극한의 구원,아리아,지원스킬,패링지원,,"무적판정, 패링, 높은그로기배율",,,
지원돌격: 앙코르 송,아리아,지원스킬,지원돌격,에테르,무적판정,,,
콤보스킬: 달콤한 일렉트로니카,아리아,특수스킬,특수스킬,에테르,경직저항증가,,,
궁극기: 달콤한 일렉트로니카·얼음 빼고,아리아,특수스킬,강화특수스킬,에테르,"무적판정, 응원 에너지 생성",,,
강화특수스킬: 망상에 빠지다,아리아,특수스킬,강화특수스킬,에테르,"무적판정, 응원 에너지 생성",,,
강화특수스킬: 빛의 속도로 입덕,아리아,특수스킬,강화특수스킬,에테르,"무적판정, 응원 에너지 생성",,,
핵심패시브: 꿈의 콜라보,아리아,콤보공격,콤보스킬,에테르,"무적판정, 응원 에너지 생성",,,
추가능력: 에너지 100%,아리아,궁극기,궁극기,에테르,"무적판정, 파티공격력증가, 망상의 시간 진입",,,
핵심패시브: 무대를 뒤집는 핵심,아리아,핵심스킬,핵심패시브,,"이상피해증가, 속성이상피해증가",,,
추가능력: 우리의 무대,아리아,핵심스킬,추가능력,,,,,"클래스 시너지-격파, 클래스 시너지-지원, 진영시너지"
